Name	Set	ImageFile	Politics_Cost	Intrigue_Cost	One_Power_Cost	Combat_Cost	Type	Subtype/Allegiance	Attribute	Politics_Ability	Intrigue_Ability	One_Power_Ability	Combat_Ability	Rarity	Collector	Text
A New Empire	dark_prophecies	a_new_empire					Advantage	Player	Prophecy, Repeatable					Rare 2	02-001 R2	May only be played by a Hero player. Requirements: Control a nation contested card advantage by 5 or more. Benefits: As an event, you may rotate the target nation contested advantage to draw 3 cards and move a neutral token to your section of the Pattern (if possible). These benefits may only be gained once per game for each nation contested advantage. [08.21.2001 - ERRATA]
Advanced Maneuvers	dark_prophecies	advanced_maneuvers					Challenge							Common	02-002 C	If successful, no cards controlled by any other player may participate in a card-based challenge you initiate next turn.
Alanna Sedai	dark_prophecies	alanna_sedai	1		1		Character	Aes Sedai	Green Ajah, Bonded to Ihvon, Bonded to Owein	2	1	2		Uncommon	02-003 U	As an event, Alanna may pay [One Power] to generate [Combat].
Asmodean (II) seat	dark_prophecies	asmodean			2		Character	Dragon			2	1		Rare 1	02-004 R1	Only ability symbols generated by the Dragon Reborn may be used to recruit this character.  Symbols generated by this character may not be used to recruit.  As an event, rotate to give the Dragon Reborn +2 One Power until the end of the turn.  As an event, discard from your hand to give the Dragon Reborn +3 One Power until the end of the turn.
Bair	dark_prophecies	bair	2	1			Character	Aiel	Light Nature, Wise One, Shaarad Aiel, Dreamwalker	2	1			Uncommon	02-005 U	All Dreamwalker characters you control gain +1 Intrigue.
Balefire	dark_prophecies	balefire			3		Event							Rare 3	02-006 R3	Play during the Opening Moves step of a challenge.  Symbols used to pay for this card must all come from the same character.  Roll 2 One Power dice when you play this card.  If you roll [2x One Power], kill your starting character.  Target a non-starting charcter participating in the challenge.  The target is killed.  If the target has the Ta'veren ability to prevent damage, its controller may convert 2 pattern to negate the effects of this event to the target.
Battle Plan	dark_prophecies	battle_plan					Advantage	Player						Common	02-007 C	When you win a card-based challenge you initiated which did not directly give you pattern, place a token on this card.  During the Last Battle, you additionally generate [Support] [Opposition] for each token on this card.  As an event, rotate this card during the action round to remove a point of damge from a card you control for each token on this advantage.
Bayle Domon	dark_prophecies	bayle_domon	1	1		1	Character	Illian	Light Nature	2	2		2	Rare 2	02-008 R2	As a limited event, rotate and target any number of characters and/or troops you control which are participating in the same challenge.  The targets are moved to your homefront, and are no longer participating in the challenge.
Be'lal (II) facing	dark_prophecies	be_lal			4		Character	Dark One	Forsaken		2	4	4	Rare 1	02-009 R1	Only ability symbols generated by a Forsaken may be used to recruit this character.  Symbols generated by this character may not be used to recruit.  You may initiate the Callandor challenge if the Dragon Reborn is in play.  If the challenge is successful, place the Callandor advantage on Be'lal.  If it is unsuccessful, place it on the Dragon Reborn.  As an event, discard this card from your hand to add 5 support to the Callandor challenge. [06.27.2000 - ERRATA]
Blockade Runners	dark_prophecies	blockade_runners	1	1		1	Troop	Illian					4	Uncommon	02-010 U	While participating in a card-based challenge, this troop additionally generates [3x Opposition] when it rolls its dice.
Blood and Ashes	dark_prophecies	blood_and_ashes			1		Advantage	Player						Rare 3	02-011 R3	You may rotate your starting character to play this card for free, instead of paying its printed cost.  When you play this card, name an event; no copy of that event may be played while this card remains in play.  If any player discards a copy of the named event, discard this card.
Cairhien Guard	dark_prophecies	cairhien_guard		1		1	Troop	Cairhien	Multiple				3	Common	02-012 C	As an event, rotate this card and target a troop participating against this troop to blank the effect text of the target until the end of the turn.
Cairhien Veterans	dark_prophecies	cairhien_veterans	2			1	Troop	Cairhien					5	Uncommon	02-013 U	As an event, pay any 2 ability symbols with the Cairhien allegiance to remove 1  point of damage from this troop.
Captain Caldevwin	dark_prophecies	captain_caldevwin		1		2	Character	Cairhien		1	1		3	Uncommon	02-014 U	All Cairhien Horsemen troops you control permanently gain the trait Multiple, and roll an additional Combat die when they roll their dice while participating in a challenge with Captain Caldevwin.
Charismatic Leader	dark_prophecies	charismatic_leader					Advantage	Character						Common	02-015 C	Target a Forsaken you control.  Choose an allegiance of a troop you control (if any).  The target gains +1 Politics and the chosen allegiance.  Discard this card if you control a Monster.
Chesmal Sedai	dark_prophecies	chesmal_sedai		2	1		Character	Aes Sedai	Dark Nature, Yellow Ajah, Black Ajah		2	2		Uncommon	02-016 U	As a limited event, once per turn, rotate and target a character with damage. The target takes an additional point of damage, and Chesmal Sedai does not ready next turn. [08.21.2001 - ERRATA]
Child of the Light	dark_prophecies	child_of_the_light				1	Character	Children of the Light	Multiple	1			1	Common	02-017 C	As an event, rotate to reduce the cost of the next card you recruit this turn with the Chldren of the Light allegiance by one ability symbol of your choice.  (This reduction applies after all other modifiers.)
Circle of Light	dark_prophecies	circle_of_light					Advantage	Player						Common	02-018 C	When you recruit a non-Wolf Mercenary card, it permanently gains the Children of the Light allegiance.  Discard all non-starting characters and troops you control which do not have the Children of the Light allegiance.  At the resolution of the Last Battle gain an additional [Support] [Opposition] for each token on the neutral section of the pattern. [CLARIFICATION: Circle of Light does not retroactivly turn your existing Mercenaries into Children of the Light if they were in play before you played Circle of Light. - 06.27.2000 - ERRATA]
Combat Training	dark_prophecies	combat_training					Advantage	Player						Common	02-019 C	As an event, rotate this card and a troop you control.  Roll the troop's current dice.  If the troop generates a number of [Combat] greater than or equal to 1 less than its permanent Combat ability (minimum 1), it gains +1 Combat permanently.
Combined Army	dark_prophecies	combined_army					Troop		Multiple				6	Uncommon	02-020 U	There is no cost to recruit this troop.  If you do not discard from play 2 non-Monster troops you control with different allegiances when you recruit this troop, kill it immediately.  This troop has the same allegiance(s) as your starting character.
Conquest	dark_prophecies	conquest					Challenge							Rare 3	02-021 R3	When you reveal this challenge, search your deck for a contested advantage not in play, and place it in your hand.  If successful, place 2 tokens on each nation contested advantage in play.  If you succeed by 5 or more, return all copies of Conquest in your discard pile (not including this one) to your hand.
Consumed by the Blight	dark_prophecies	consumed_by_the_blight					Event		Terrain					Uncommon	02-022 U	Target a card-based challenge.  Only one terrain card may target each challenge.  When rolling their dice while participating in the challenge, all Monsters roll an additional Combat die.
Couladin	dark_prophecies	couladin	1			3	Character	Aiel	Dark Nature, Shaido Aiel, Black Eyes	2			4	Rare 2	02-023 R2	If you control the Car'a'carn character advantage, discard this card.  While Couladin is participating in a challenge, all Aiel troops you control participating in the same challenge roll an additional Combat die when they roll their dice.  Remove 1 point of damage from Couladin at the beginning of the challenge round.
Dark Subversion	dark_prophecies	dark_subversion					Challenge							Rare 3	02-024 R3	Only a Vilain player may intiate this challenge.  If successful, search your deck for a Darkfriend character advantage, a character with the Dark Nature trait, and/or a troop with the Dark Nature trait, and place them in your hand.
Deep Waters	dark_prophecies	deep_waters					Event		Terrain					Uncommon	02-025 U	Target a card-based challenge.  Only one terrain card may target each challenge.  Myrddraal, Trolloc characters, and Trolloc troops may not participate in the target challenge.
Defenders of the Stone	dark_prophecies	defenders_of_the_stone	1				Troop	Tear	Reinforcement				5	Uncommon	02-026 U	As an event, you may move this troop from your homefront to the battleground.  This troop may only participate in the Tear nation contested challenge or in a challenge that targets you or a card you control.
Dragonmount	dark_prophecies	dragonmount					Advantage	Player						Common	02-027 C	May only be played if you control the Dragon Reborn.  Search your deck for the first advantage card and place it in your hand when you play this card.  During the Opening Moves and Coming to Grips steps of a card-based challenge, you may remove an amount of damage from any character or troop damage pool up to the number of different allegiances possessed by characters and troops you control.
Draw Him Out	dark_prophecies	draw_him_out					Challenge							Common	02-028 C	Target a non-starting, non-Ta'veren character you do not control.  If this challenge succeeds it becomes a character advantage on the target with the following text: At the start of the resolution round the target is moved to the battleground and becomes a participant in the Pattern or Last Battle Challenge (and is no longer a participant in any other challenges).  Discard this card if the target is a particpant in the Pattern Challenge during the action round.
Elayne the Accepted	dark_prophecies	elayne_the_accepted					Character	Andor, Aes Sedai	Daughter-Heir, Accepted, Light Nature, Bonded to Birgitte	3	1	2		Rare 2	02-029 R2	Replace Elayne Trakand.  As an event, rotate to search your deck for Min and/or Aviendha and place them in your hand.  This card does not count as a character card for starting hand selection purposes.
Eyeless	dark_prophecies	eyeless			1	1	Character	Dark One	Multiple, Monster, Myrddraal				3	Uncommon	02-030 U	Symbols generated by this character may not be used for recruiting.  As a limited event, rotate and target a character or troop participating in a challenge.  The target rolls one less die than normal for each ability.
Faile	dark_prophecies	faile	1	1		1	Character	Dragon	Borderland, Saldaean, Hunter of the Horn	2	2		1	Rare 1	02-031 R1	The number of tokens on your section of the pattern is treated as being 2 higher, but only for purposes of fulfilling character recruitment and replacement requirements.
Far Dareis Mai	dark_prophecies	far_dareis_mai				1	Troop	Aiel	Reinforcement, Maiden of the Spear				3	Uncommon	02-032 U	Once per turn, as an event, you may target a character you control with the Car'a'carn character advantage participating in the same challenge as this troop to move up to 3 damage from the target to this troop.
First Squadron	dark_prophecies	first_squadron	1			1	Troop	Dragon	Band of the Red Hand, Reinforcement				3	Uncommon	02-033 U	This troop gains +1 Combat for every 3 Band of the Red Hand troops you control.  All Band of the Red Hand troops you control have Reinforcement.
Galad	dark_prophecies	galad	2			2	Character	Andor, Children of the Light		1			4	Rare 2	02-034 R2	While participating in a challenge, Galad additionally generates [2x Damage Icon] when he rolls his dice.
Gawyn	dark_prophecies	gawyn	1			2	Character	Andor	Light Nature	1	1		3	Rare 2	02-035 R2	Ability symbols with the Aes Sedai allegiance may be used to recruit Gawyn without causing an allegiance penalty.  Gawyn may participate in the Tar Valon contested challenge.  If you control The Younglings, they have +1 Combat.
Genocide	dark_prophecies	genocide					Challenge							Rare 3	02-036 R3	Choose an allegiance. When it is revealed, this challenge gains additional opposition equal to the number of cards in play with the chosen allegiance. If successful, place 1 point of damage on each character and 2 points of damage on each troop with the chosen allegiance. When this challenge revolves it is removed from play, and the initiator may not play a copy of this challenge next turn. Any character card damaged by Genocide may not rotate to heal next turn. [08.21.2001 - ERRATA]
Gholam Attack	dark_prophecies	gholam_attack					Event	Limited						Uncommon	02-037 U	This card may only be played by a Villain player.  Target a challenge and pay any amount of [Intrigue].  For each [Intrigue] you pay, target a different character participating in the challenge.  The targeted characters may not roll One Power dice in that challenge.
Graendal (II) flower	dark_prophecies	graendal			4		Character	Dark One	Forsaken	3	3	4		Rare 1	02-038 R1	Only ability symbols generated by a Forsaken may be used to recruit this character.  Symbols generated by this character may not be used to recruit.  When Graendal rotates to heal, you may reveal any number of cards in your hand with the name Graendal.  For each card revealed, remove an additional point of damage from Graendal.  As an event, discard from your hand to remove up to 2 damage from your starting character.
Gyldin	dark_prophecies	gyldin					Advantage	Character						Rare 2	02-039 R2	Target Moghedien.  Moghedien gains +1 Intrigue.  As a limited event, Moghedien may pay [Intrigue] to generate either [Politics] or [Combat].  As an event, rotate Moghedien and discard this card to return a challenge card from your discard pile to your hand.
Half Legion	dark_prophecies	half_legion				1	Troop	Children of the Light	Multiple, Reinforcement				3	Common	02-040 C	Once per turn, as an event, you may rotate a character you control with the Children of the Light allegiance and target this troop to give this troop +1 Combat until the end of the turn.
Heart of the Stone	dark_prophecies	heart_of_the_stone					Advantage	Player						Common	02-041 C	All High Lords and High Ladies you control additionally generate [Support] [Opposition] when they roll their dice.  If you control the Callandor character advantage, all challenges which target you or a card you control gain 5 additional opposition.
High Lord Hearne	dark_prophecies	high_lord_hearne	1			1	Character	Tear		2			1	Uncommon	02-042 U	The cost of recruiting Mercenary characers and troops is reduced by [Combat] (This reduction applies after all other modifiers.)
High Lord Simaan	dark_prophecies	high_lord_simaan	1	1			Character	Tear		1	1			Uncommon	02-043 U	Put 2 versatility tokens on this card when it is first recruited.  As an event, remove a versatility token to give High Lord Simaan +1 to either Politics or Intrigue (until the end of the turn).  As a limited event, rotate to add 2 versatility tokens to this card.  This card may not have more than 4 versatility tokens on it at any one time.  [06.27.2000 - ERRATA]
Hopper	dark_prophecies	hopper				1	Character	Mercenary	Reinforcement, Wolf				3	Uncommon	02-044 U	You must control a Wolfbrother to bring Hopper into play.  Discard Hopper if you do not control a Wolfbrother.  Hopper cannot be the target of advantages.  Ability symbols generated by Hopper are ignored.  If Hopper is placed in a killed pile, all Wolfbrothers you control permanently gain the trait Dreamwalker.
Hunting Party	dark_prophecies	hunting_party				2	Troop	Aiel	Multiple				4	Common	02-045 C	As an event, you may remove [2x Damage] generated by this troop from your troop damage pool to add [Damage] to your character damage pool.
Illian	dark_prophecies	illian					Advantage	World	Nation Contested Advantage					Uncommon	02-046 U	If you control Illian, as an event you may rotate this card to target an Illian troop you control.  If the target rotates to heal this turn, remove all damge from it.  If you control Illian by 5 or more, you may rotate characters as you recruit them and roll their dice to generate ability symbols.  These symbols are added to your pool.
Illian Lancers	dark_prophecies	illian_lancers				1	Troop	Illian	Multiple				4	Common	02-047 C	All damage generated by this troop must be assigned to a single opposing troop (even if this would be more damage than is required to kill the opposing troop).
Illian Spearmen	dark_prophecies	illian_spearmen				1	Troop	Illian	Multiple				3	Common	02-048 C	As an event, rotate this card while at the battleground to remove 1 point of damage from it.
Illian Traders	dark_prophecies	illian_traders	1				Troop	Illian					3	Uncommon	02-049 U	As a limited event, rotate to add [2x Politics] to your pool.  These symbols have the Illian allegaince.
Illian Volunteers	dark_prophecies	illian_volunteers	1				Troop	Illian					2	Uncommon	02-050 U	When this troop is killed return it to its owner's hand.
Incendiary Strike	dark_prophecies	incendiary_strike			3		Event							Uncommon	02-051 U	Play during the Opening Moves or Coming to Grips step of a challenge.  Target a character or troop participating in that challenge.  Put two points of damage on the target.  If the target is Multiple, place it in its owner's killed pile.  A card may only be the target of Incendiary Strike once per turn.
Invasion	dark_prophecies	invasion					Challenge							Rare 3	02-052 R3	If successful, choose one of the following: add 4 tokens to a nation contested advantage, draw 3 cards, or take up to 2 cards (of your choice) from your discard pile and place them in your hand.   This challenge is removed from play after it resolves. [09.06.2000 - ERRATA]
Ishamael (II) red	dark_prophecies	ishamael			4		Character	Dark One	Forsaken	1	2	5	1	Rare 1	02-053 R1	Only ability symbols generated by a Forsaken may be used to recruit this character.  Symbols generated by this character may not be used for recruiting.  As an event, rotate to add a token to a contested advantage, or rotate and discard from play to add 5 tokens to a contested advantage.  As an event, discard from your hand to add a token to a contested advantage.
Jaret Byar	dark_prophecies	jaret_byar				1	Character	Children of the Light					2	Uncommon 1	02-054 U1	While participating in a challenge against a monster, or a character or troop with the Aes Sedai allegiance, Jaret Byar additionally generates [Damage] when he rolls his dice.
Kin Tovere	dark_prophecies	kin_tovere		2			Character	Dragon, Cairhien			1			Uncommon	02-055 U	As an event, rotate to give all Cairhien troops you control Reinforcement for the rest of the turn.
King Mattin Stepaneos	dark_prophecies	king_mattin_stepaneos	3	1		1	Character	Illian	King of Illian	3	1		2	Rare 2	02-056 R2	When you recruit this card, you may search your deck for the Illian nation contested advantage and place it in your hand.  The King of Illian gains +1 Politics, Intrigue, and Combat while you control the Illian nation contested advantage.
Lady Selande	dark_prophecies	lady_selande					Character	Cairhien			2			Uncommon	02-057 U	The only cost to recruit this character is to rotate a character you control with the Cairhien allegiance.  If you control the Cairhien nation contested advantage, Lady Selande additionally generates [Politics] when she rolls her dice.
Lanfear (II) horse	dark_prophecies	lanfear			4		Character	Dark One	Forsaken, Dreamwalker	2	2	5		Rare 1	02-058 R1	Only ability symbols generated by a Forsaken may be used to recruit this character.  Symbols generated by this character may not be used to recruit.  While Lanfear is participating in a challenge, if a participant whose highest permanent ability is 2 or less receives exactly 1 damage from a damage pool.  It takes an extra point of damage.  As an event, discard from your hand to remove all damage from a Dreamwalker.
Lead Them to Ruin	dark_prophecies	lead_them_to_ruin					Challenge							Common	02-059 C	Target a player.  For each 2 by which this challenge succeeds, the target must return to his hand a player advantage he controls (of his choice) with a printed cost.
Leader of Nations	dark_prophecies	leader_of_nations					Advantage	Character						Common	02-060 C	Target a Ta'veren you control.  Choose an allegiance of a troop you control (if any).  The target gains +2 Politics and the chosen allegiance.  Discard this card if you control a non-Ta'veren character or troop with only the Dragon allegiance.
Leane Sedai	dark_prophecies	leane_sedai	2	1	2		Character	Aes Sedai	Blue Ajah, Keeper of the Chronicles	3	2	2		Rare 2	02-061 R2	As an event, rotate to draw 1 card, or 2 cards if you control the Amyrlin Seat.  When you use this ability, discard your entire hand at the end of the resolution round.
Legion	dark_prophecies	legion	1			2	Troop	Children of the Light	Reinforcement				6	Rare 2	02-062 R2	As a limited event, rotate and kill an undamaged troop you control with the Mercenary allegiance to remove all damage from this troop.
Legion of the Dragon	dark_prophecies	legion_of_the_dragon	2			1	Troop	Dragon					5	Rare 3	02-063 R3	At the beginning of the ready round, you may remove 1 or 2 points of damage from this troop.
Light Brigade	dark_prophecies	light_brigade				1	Troop	Children of the Light	Multiple, Reinforcement				2	Common	02-064 C	The Light Brigade is recruited into the battleground.  At the start of the draw round, this card is returned to its owner's hand.
Linked	dark_prophecies	linked					Advantage	Player						Uncommon	02-065 U	All Trolloc troops you control which are participating in a challenge with 1 or more Myrddraal you control additionally generate [Support] [Opposition] when they roll their dice.  If you put a Myrddraal into your killed pile, you must kill a Monster troop you control (if possible).
Lord Argirin Darelos	dark_prophecies	lord_argirin_darelos		2			Character	Illian	Council of Nine	2	2			Uncommon	02-066 U	As a limited event, rotate while participating in a challenge to target a character with no permanent One Power ability participating in the same challenge.  The target rotates for no effect.
Lord Ballin Elamri	dark_prophecies	lord_ballin_elamri	1				Character	Illian	Council of Nine	2				Uncommon	02-067 U	If you control a member of the Council of Nine, there is no cost to recruit this character.
Lord Brend	dark_prophecies	lord_brend					Advantage	Character						Rare 2	02-068 R2	Target Sammael.  Sammael gains +2 Politics, the Illian allegiance, and the Council of Nine trait.  As a limited event, discard this card to generate [3x Politics].  These symbols have the Illian allegiance.
Lord Comar	dark_prophecies	lord_comar		1		1	Character	Andor	Dark Nature	2			2	Uncommon	02-069 U	As an event, rotate to search your deck for a Darkfriend character advantage, and place it in your hand.  You may play the Darkfriend character advantage for no cost.
Lord Dobraine	dark_prophecies	lord_dobraine	1	1		1	Character	Cairhien	Light Nature	1	2		2	Uncommon	02-070 U	As a limited event, Lord Dobraine may pay any 2 ability symbols he generated to add [Politics], [Intrigue], or [Combat] to your pool.  These symbols have the Cairhien alelgiance.
Lord Dragon	dark_prophecies	lord_dragon					Character	Dragon		2	1	3	2	Rare 2	02-071 R2	Replace Rand al'Thor.  This character gains the effect text of the character he replaces.  When recruiting characters, ignore the cost modification for the Dark Nature trait.  This card does not count as a character card for starting hand selection purposes.
Lord Eliris Mancuri	dark_prophecies	lord_eliris_mancuri	1	1		1	Character	Illian	Council of Nine	2	1		2	Uncommon	02-072 U	As a limited event, rotate to reduce the cost of all characers and troops with the Illian allegiance you recruit this turn by [Combat].  (This reduction applies after all other modifiers.)
Lord Ershin Netari	dark_prophecies	lord_ershin_netari				2	Character	Illian	Council of Nine	1			2	Uncommon	02-073 U	As an event, pay an ability symbol generated by Lord Ershin Netari to remove 1 point of damage from a troop you control with the Illian allegiance.
Lord Gregorian Panar	dark_prophecies	lord_gregorian_panar	2				Character	Illian	Light Nature, Council of Nine	2	1		1	Rare 2	02-074 R2	As an event, rotate to give each member of the Council of Nine +1 to his highest current ability (you choose one of the tied abilities, if tied), until the end of the turn.
Lord Jeordwyn Semaris	dark_prophecies	lord_jeordwyn_semaris	1	1			Character	Illian	Council of Nine	2	1			Uncommon	02-075 U	While participating in a contested advantage challenge, Lord Jeordwyn Semaris additionally generates [2x Support] [2x Opposition] when he rolls his dice.
Lord Kiril Drapeneos	dark_prophecies	lord_kiril_drapeneos	1				Character	Illian	Council of Nine	2	1			Uncommon	02-076 U	If Lord Kiril Drapeneos does not generate any ability symbols when he rolls his dice, he does not ready next turn.
Lord Maringil	dark_prophecies	lord_maringil		1		2	Character	Cairhien			2		2	Uncommon	02-077 U	As an event, rotate to remove up to 2 damage from a Cairhien troop.
Lord Spiron Narettin	dark_prophecies	lord_spiron_narettin	1	1		2	Character	Illian	Council of Nine	1	1		3	Uncommon	02-078 U	Damage generated by Lord Spiron Narettin is converted into troop damage.
Lull in the Storm	dark_prophecies	lull_in_the_storm					Challenge							Common	02-079 C	May only be initiated by a hero player.  Draw a card when this challenge resolves.  If any player provides support or opposition to this challenge, he draws no cards during the draw round.  If this challenge succeeds, it becomes a player advantage targeting you with the text: As a limited evnet, discard this advantage to add [Politics] [Intrigue] [2x One Power] [Combat] to your pool.  These symbols have all allegiances. [06.27.2000 - ERRATA]
Mat the Gambler	dark_prophecies	mat_the_gambler					Character	Dragon	Ta'veren		3		2	Rare 2	02-080 R2	Replace Mat Cauthon.  You may reroll up to three of Mat's dice each turn (immediately after making his initial roll, the old results are ignored).  As an event, Mat may pay any 2 ability symbols he generated to remove 1 point of damage from himself.  Mat the Gambler also has all of the Dragon Reborn's allegiances.
Melindhra	dark_prophecies	melindhra				1	Character	Aiel	Dark Nature, Maiden of the Spear, Shaido Aiel				3	Uncommon	02-081 U	You must have 3 pattern to recruit Melindhra.  Symbols generated by this character may not be used for recruiting.  As an event, rotate and kill Melindhra to put 1 point of damage on any character.
Military State	dark_prophecies	military_state					Advantage	Player						Common	02-082 C	As a limited event, rotate ths card and a ready troop you control.  Roll the troop's current Combat dice.  All ability symbols generated by the troop are added to your pool.
Moghedien (II) fire	dark_prophecies	moghedien			3		Character	Dark One	Forsaken, Dreamwalker	1	2	4		Rare 1	02-083 R1	Only ability symbols generated by a Forsaken may be used to recruit this character.  Symbols generated by this character may not be used to recruit.  This card may be recruited if it is in your killed pile.  If a copy of this card is in your killed pile, you may recruit this card for no cost.  As an event, discard from your hand to place a point of damage on a non-starting Dreamwalker character.
Narrow Pass	dark_prophecies	narrow_pass					Event		Terrain					Common	02-084 C	Target a card-based challenge.  Only one terrain card may target each challenge.  Each player may only participate in the target challenge with a maximum of 2 characters and 2 troops.
No Middle Ground	dark_prophecies	no_middle_ground					Challenge							Common	02-085 C	For each point by which you succeed, you may put 1 point of damage on a character or troop with the Mercenary allegiance.  If you succeed by 3 or more, gain a pattern.
On All Sides	dark_prophecies	on_all_sides					Event	Limited						Common	02-086 C	Discard from your hand every copy of every non-Multiple character card which is currently in play.  For each card discarded, add the ability symbols listed in the card's printed cost to your pool.  These symbols have all allegiances.
Ordeith	dark_prophecies	ordeith					Character	Mercenary		2	3		1	Rare 2	02-087 R2	Replace Padan Fain.  Ignore all non-Mercenary allegiances and corruption tokens attached to this character.  May participate in challenges with Monsters.  When Ordeith rolls [2x Intrigue], target a Monster in play (if possible).  The target is returned to its owner's hand.  As an event, reveal this card from your hand to search your deck for Padan Fain and place him in your hand.
Organize Resistance	dark_prophecies	organize_resistance					Challenge							Common	02-088 C	If you succeed, you may remove up to 3 tokens of your choice from each contested advantage in play.
People of the Dragon	dark_prophecies	people_of_the_dragon					Advantage	Player						Common	02-089 C	If your starting character does not have the Aiel allegiance, discard this card.  As an event, rotate to target a character with the Aiel allegiance.  Symbols generated by the target this turn may be used for recruiting.  Non-starting, non-Ta'veren characters you control with the Aiel allegiance are placed in your discard pile (instead of your killed pile) when they are killed.
Pevin	dark_prophecies	pevin					Character	Dragon					1	Uncommon	02-090 U	The only cost to recruit this character is to rotate the Dragon Reborn.  As an event, rotate to search your deck for the Dragon Banner if it is not in play, and place it in your hand.  As a limited event, rotate and kill Pevin to recruit a character or troop with the Dragon allegiance for no cost.
Plans Within Plans	dark_prophecies	plans_within_plans					Event							Common	02-091 C	When paying the cost of events and/or advantages, you may pay [One Power] generated by a character or troop you control with the Aes Sedai allegiance in place of the required ability symbol.  As an event, discard this card from your hand to search your deck for an event with [One Power] in its cost or effect text and place it in your hand.
Political Powerbase	dark_prophecies	political_powerbase					Challenge							Common	02-092 C	Target a nation contested advantage you control by 5 or more.  Only characters and troops of the target's allegiance may participate in this challenge.  If successful, gain a pattern.
Preemptive Strike	dark_prophecies	preemptive_strike				1	Advantage	Troop						Common	02-093 C	During the Opening Moves step of a challenge in which the target is participating, rotate the target and discard this card to add an amount of [Damage] to your troop damage pool equal to the target's current Combat ability.
Pull of the Ta'veren	dark_prophecies	pull_of_the_ta_veren					Advantage	Player						Common	02-094 C	The cost of recruiting Ta'veren is reduced by [Politics]. (This reduction comes after all other cost modifiers.)  As an event, rotate this card to search your deck for the first Ta'veren character with a printed cost, and place it in your hand.  [The last text effect was removed from this card. 09.06.2000 - ERRATA]
Questioner	dark_prophecies	questioner		1			Character	Children of the Light	Multiple	1	1			Uncommon	02-095 U	If another player recruited a character with the Dark One or Aes Sedai allegiance this turn, you may rotate this card and discard a card in your hand as an event to draw a card.
Rahvin (II) red	dark_prophecies	rahvin			4		Character	Dark One	Forsaken	3	2	4		Rare 1	02-096 R1	Only ability symbols generated by a Forsaken may be used to recruit this character.  Symbols generated by this character may not be used to recruit characters and troops with the Dark One allegiance.  As an event, rotate and target a non-Monster character you control.  Symbols generated by the target gain all allegiances until the end of the turn.  As an event, discard from your hand to search your deck for a Forsaken, and place it in your hand.
Rand al'Thor (V) sword	dark_prophecies	rand_al_thor_v					Character	Dragon	Starting Hero, Dragon Reborn, Ta'veren	1	1	2	2	Rare 2	02-097 R2	The first time the Dragon Reborn rolls at least [2x One Power], he permanently gains +1 One Power.  If the Dragon Reborn generates less than 3 ability symbols when he rolls his dice, he additionally generates [One Power] [Politics].
Rand al'Thor (VI) hands	dark_prophecies	rand_al_thor_vi					Character	Dragon	Starting Hero, Dragon Reborn, Ta'veren	1		3	1	Rare 2	02-098 R2	If the Dragon Reborn rolls at least [Politics], he permanently gains +1 Politics to a maximum of 3.  If the Dragon Reborn rolls at least [Combat], he permanently gains +1 Combat to a maximum of 3.  The first time the Dragon Reborn rolls at least [2x One Power], he permanently gains +1 One Power.
Rand al'Thor (VII) Musician	dark_prophecies	rand_al_thor_vii					Character	Dragon	Starting Hero, Dragon Reborn, Ta'veren			2	2	Rare 2	02-099 R2	If the Dragon Reborn rolls at least [2x One Power], he permanently gains +1 One Power to a maximum of 4.  As a limited event, rotate to generate [2x Politics] [Intrigue] [Combat].
Rhadam Asunawa	dark_prophecies	rhadam_asunawa	1	2			Character	Children of the Light	High Inquisitor	2	3			Rare 2	02-100 R2	As an event, target another player and pay an ability symbol generated by Rhadam Asunawa.  The target removes an ability symbol of the same type from his pool (if possible).
Rule a Nation	dark_prophecies	rule_a_nation					Challenge							Common	02-101 C	Choose a non-Dragon, non-Dark One allegiance.  Only characters and troops with the chosen allegiance may participate in this challenge.  If successful, this challenge becomes a player advantage targeting you with the text: As an event, spend any 2 ability symbols with the chosen allegiance to generate [Politics], [Intrigue], or [Combat] with the same allegiance.
Saboteurs	dark_prophecies	saboteurs		1			Troop	Mercenary	Multiple				2	Rare 3	02-102 R3	As an event, rotate Saboteurs and target a troop controlled by another player.  Roll Saboteurs' dice and apply any damage to the target.  The target may then roll its dice and apply any damage to Saboteurs.
Sammael (I) horse	dark_prophecies	sammael					Character	Dark One	Starting Villain, Forsaken		1	4	3	Rare 2	02-103 R2	Once per turn, as a limted event, you may pay [2x Combat] from your pool to search your deck for the first troop advantage, and place it in your hand.  If you control no Monsters, Sammael rolls an additional 2 Combat dice when he rolls his Combat dice while participating in a challenge with a troop you control.
Sebban Balwer	dark_prophecies	sebban_balwer	1	2			Character	Children of the Light	Spymaster		4			Rare 2	02-104 R2	During the determine participation step, target any number of characters or troops in the battlefield, up to the number of tokens on your section of the pattern.  For each target, its controller must reveal to you which challenge it will be participating in, or if it will be standing down.
Second Squadron	dark_prophecies	second_squadron	1			1	Troop	Dragon	Band of the Red Hand				3	Uncommon	02-105 U	This troop gains +1 Combat for every 3 Band of the Red Hand troops you control.  While participating in a challenge, this troop adds [Damage] to your characer damage pool during the Opening Moves step.
Seeking Someshta	dark_prophecies	seeking_someshta					Challenge							Rare 2	02-106 R2	Only a Hero player may initiate this challenge, and only once per game.  If successful, search your deck for the Dragon Banner, The Seals, and/or the Horn of Valere, and place them in your hand.  Each character and troop with the Dark One allegiance which participates in this challenge takes 4 points of damage at the start of the resolution round.
Selene	dark_prophecies	selene					Advantage	Character						Rare 2	02-107 R2	Target Lanfear.  As an event, rotate this card to give Lanfear an allegiance of your choice until the end of the turn.  When Lanfear rolls her dice, rotate this card to have Lanfear additionally generate [Politics] [One Power].  These additional symbols may only be used for recruiting.  As an event, discard this card to have Lanfear cease participating in a challenge.  Any results she generated in the challenge still apply.
Shades of Grey	dark_prophecies	shades_of_grey					Event							Uncommon	02-108 U	Target a non-starting character.  Ability symbols generated by the target have no allegiances.  Shuffle all copies of Shades of Grey (not including this one) in your discard pile into your deck when you play this card.
Soldier of War	dark_prophecies	soldier_of_war				2	Character	Mercenary	Multiple				3	Common	02-109 C	As an event, rotate to search your deck for the first contested advantage, and place it in your hand.
Square of Tammaz	dark_prophecies	square_of_tammaz					Advantage	Player						Common	02-110 C	If you do not control at least 3 members of the Council of Nine, discard this card.  When resolving a challenge you intiated from a contested advantage, you may place a token on the advantage for each 1 (instead of 2) by which you succeed.  As an event, rotate to target a member of the Council of Nine.  When the target rolls his dice this turn he additionally generates [Politics] [Intrigue] [Combat].
Strength in Diversity	dark_prophecies	strength_in_diversity					Event							Common	02-111 C	All symbols you generate for the rest of the turn gain the allegiances of all characters and troops you currently control. [08.21.2001 - ERRATA]
Strength of Character	dark_prophecies	strength_of_character					Challenge							Common	02-112 C	Target a character you control with a printed cost.  If you succeed, this card becomes a character advantage on the target with the following text: When this character rolls his dice during the generate resource pool step, his results are ignored.  He instead generates the ability symbols listed in his printed cost.
Strong Loyalties	dark_prophecies	strong_loyalties					Event							Common	02-113 C	Place a token on each nation contested advantage you control.  For the rest of the turn, you may rotate a nation contested advantage you control to search your deck for any card with the same allegiance as the advantage, and place it in your hand.
Sulin	dark_prophecies	sulin	1			1	Character	Aiel	Maiden of the Spear	1			3	Uncommon	02-114 U	Symbols generated by this character may not be used for recruiting.  When you recruit Sulin, target a character you control.  As an event, rotate this card to move up to 3 damage from the target to Sulin.
Take Back the Night	dark_prophecies	take_back_the_night					Advantage	Player						Common	02-115 C	May only be played by a Hero player.  If 1 or more Monsters were recruited during the action round, all troops you control participating in challenges roll three additional Combat dice when they roll their dice.
Tear Defenders	dark_prophecies	tear_defenders	1			1	Troop	Tear					4	Uncommon	02-116 U	While participating in a challenge you did not initiate, this troop rolls an additional 2 Combat dice when it rolls its dice.
The City of Illian	dark_prophecies	the_city_of_illian					Advantage	Player	Capital of Illian					Rare 2	02-117 R2	While you control the Illian nation contested advantage, when you gain pattern from a Pattern Challenge, you may return a challenge card of your choice in your discard pile to your hand.
The Companions	dark_prophecies	the_companions	2			1	Troop	Illian	Reinforcement				6	Rare 2	02-118 R2	As an event, while participating in a challenge, you may remove 1 point of damage generated by this troop to remove 1 point of damage from any troop damage pool.
The Dance of Spears	dark_prophecies	the_dance_of_spears					Event							Common	02-119 C	During a challenge you may pay [Combat] generated by a character you control with the Aiel allegiance to remove [Damage] from any damage pool.
The Game of Houses	dark_prophecies	the_game_of_houses					Event	Limited						Common	02-120 C	Add [Intrigue] to your pool for each character and troop you control with the Cairhien allegiance.  These symbols have the Cairhien allegiance.
The Great Lord Comes	dark_prophecies	the_great_lord_comes					Advantage	Player	Prophecy					Rare 2	02-121 R2	Requirements: Initiate and win 3 card-based challenges, and recruit 3 Forsaken.  Benefits: During the Last Battle, you may discard this card as an event to place 6 damage on each of 3 different characters participating in the challenge.
The Halls of Power	dark_prophecies	the_halls_of_power					Advantage	Player						Common	02-122 C	Ability symbols generated by cards you control which do not have the Aes Sedai allegiance may not be used for recruiting.  When you recruit a card with the Aes Sedai allegiance, you may search your deck for the first event with [One Power] in its cost, and place it in your hand.  When you place a card with the Aes Sedai allegiance into your killed pile, you may take an event with [One Power] in its cost from your discard pile and place it in your hand.
The Host	dark_prophecies	the_host					Troop	Dragon					9	Rare 2	02-123 R2	There is no cost to recruit this troop.  If you do not discard from play 3 non-Mercenary troops you control with different allegiances when you recruit this troop, kill it immediately.
The Light Illumine	dark_prophecies	the_light_illumine					Event	Limited						Common	02-124 C	All non-starting characters and troops you control with the Children of the Light allegiance which are placed into your killed pile this turn are instead returned to your hand.
The Lines of Loyalty	dark_prophecies	the_lines_of_loyalty	1	1	1	1	Advantage	Player						Uncommon	02-125 U	May only be played by a Hero player. Pay [Politics] and rotate to search your deck for the first character card with a printed cost, place it in your hand, then shuffle a character card with a printed cost from your hand into your deck. [Politics][Intrigue][One Power][Combat] [With this new effect text, this card is NO LONGER BANNED, 11.09.2000 - ERRATA]
The Lion and the Rose	dark_prophecies	the_lion_and_the_rose					Event	Limited						Common	02-126 C	Rotate any number of characters you control with the Andor allegiance.  For each character rotated, add [2x Support] or [2x Opposition] to a target challenge.
The Lion Throne	dark_prophecies	the_lion_throne					Advantage	Player						Common	02-127 C	If you do not control the Andor nation contested advantage, discard this card.  When characters you control with the Andor allegiance roll their Politics dice during a challenge, they roll an additional Politics die.
The Lord of Chaos	dark_prophecies	the_lord_of_chaos					Advantage	Player	Prophecy					Rare 2	02-128 R2	Requirements: A Forsaken you control rolls [3x One Power].  Benefits: While participating in card-based challenges, characters you control additionally generate [Support] [Opposition] when they roll their dice.
The Pattern Decrees	dark_prophecies	the_pattern_decrees					Event							Common	02-129 C	You may only play this event once per turn. Target a number of characters and/or troops you control up to the number of tokens on your section of the pattern. When the targets roll their dice while participating in a challenge this turn, they additionally generate [Support] [Opposition]. [08.15.2000 - ERRATA]
The Port of Illian	dark_prophecies	the_port_of_illian					Event	Limited						Common	02-130 C	For each member of the Council of Nine you control, add [Politics], [Intrigue], or [Combat] to your pool.  These symbols have all allegiances.
The Prophet	dark_prophecies	the_prophet	3			1	Character	Dragon		3	1		3	Rare 2	02-131 R2	While participating in a challenge, all Dragonsworn you control participating in the same challenge gain +1 Combat.  As an event, rotate to search your deck for a Dragonsworn and place it in your hand.  If a Dragonsworn you control could have participated in either the Pattern Challenge or Last Battle but didn't, discard it.
The Seals	dark_prophecies	the_seals					Advantage	World	Contested Advantage					Rare 2	02-132 R2	May only be played if there is less than 10 pattern total in the game.  If any Hero player controls this advantage by 7 or more, all Hero players generate an additional amount of [Support] and [Opposition] equal to twice their current pattern during the Last Battle.  If any Villain player controls this advantage by 7 or more, all Villain players generate an additional amount of [Support] and [Opposition] equal to twice their current pattern during the Last Battle.  
The Shadows Rising	dark_prophecies	the_shadows_rising					Advantage	Player	Prophecy					Rare 2	02-133 R2	May only be played by a Villain player.  Requirements: Have 3 more pattern than when you played this card.  Benefits: Gain a pattern, search your deck and remove up to 10 cards of your choice from the game, and you may take a card from your discard pile and place it in your hand for each 3 tokens on your section of the pattern.
The Stone Shall Fall	dark_prophecies	the_stone_shall_fall					Advantage	Player	Prophecy					Rare 2	02-134 R2	Requirements: Initiate the Callandor challenge, and win it by 5.  Benefits: Search your deck for up to 5 cards with the Tear allegiacne and put them directly into play in your homefront.
The Stone Still Stands	dark_prophecies	the_stone_still_stands					Event	Limited						Common	02-135 C	Draw a card for each High Lord and High Lady you control.  Reveal these cards to all players.  If any card drawn is not a character or troop with the Tear allegiance, shuffle it back into your deck.
The Sun Throne	dark_prophecies	the_sun_throne					Advantage	Player						Common	02-136 C	If you do not control at least 3 troops with the Cairhien allegiance, discard this card.  No other player may target characters and troops you control with event cards, unless the event has a [One Power] in its cost.
The Void	dark_prophecies	the_void					Advantage	Character						Uncommon	02-137 U	Pay any ability symbol from a target character you control to play this card on the target.  While participating in a challenge, the target rolls an additional die for each different ability he is rolling in the challenge.  As an event, discard this card to remove a point of damage from the target.
The Younglings	dark_prophecies	the_younglings			1	1	Troop	Aes Sedai					3	Uncommon	02-138 U	If you control Gawyn, this troop has no cost.  If this troop is participating in the Tar Valon contested advantage, it additionally generates [2x Support] [2x Opposition] when it rolls its dice.
Third Squadron	dark_prophecies	third_squadron				1	Troop	Dragon	Band of the Red Hand				3	Uncommon	02-139 U	This troop gains +1 Combat for every 3 Band of the Red Hand troops you control.  All [Opposition] generated by this troop may be converted into [Support].
Trolloc Guard	dark_prophecies	trolloc_guard				1	Troop	Dark One	Monster				2	Common	02-140 C	As an event, rotate and kill this troop to remove up to 2 damage from a character you control with the Dark One allegiance.
Trolloc Horde	dark_prophecies	trolloc_horde				1	Troop	Dark One	Monster				5	Common	02-141 C	This troop may only participate in challenges you initiate.
Twice Shall He Be Marked	dark_prophecies	twice_shall_he_be_marked					Advantage	Player	Prophecy					Rare 2	02-142 R2	Requirements: Initiate and win 2 Pattern Challenges in which the Dragon Reborn is your only participating character and has the Heron-Mark Blade character advantage. Benefits: All Villain players discard their hands, place the top 10 cards of their deck into their discard pile, and may not ready any cards next turn.
Under One Banner	dark_prophecies	under_one_banner					Advantage	Player						Common	02-143 C	While participating in the Last Battle your starting character gains +1 to all non-zero abilities for each different allegiance if you control at least one character and one troop with that allegiance. [08.21.2001 - ERRATA]
United Front	dark_prophecies	united_front	1				Event							Common	02-144 C	Play during the Coming to Grips step of a challenge.  Add either [3x Support] or [3x Opposition] to the challenge.
War of Attrition	dark_prophecies	war_of_attrition					Challenge							Common	02-145 C	Target a player.  For each 2 by which this challenge succeeds, the target must move 1 card from the top of his deck to his discard pile.
War Party	dark_prophecies	war_party				3	Troop	Aiel					7	Uncommon	02-146 U	This troop may not rotate to heal.  As a limited event, pay [2x Combat] to remove 1 point of damage from this troop.
Warders	dark_prophecies	warders			2		Troop	Aes Sedai	Multiple, Warder				4	Uncommon	02-147 U	Once per turn, as an event, you may target a character you control with the Aes Sedai allegiance participating in the same challenge as this troop to move up to 4 damage from the target to this troop.
White Lions	dark_prophecies	white_lions		2			Troop	Andor	Dark Nature				4	Uncommon	02-148 U	The White Lions may participate in challenges with Monsters.
Whitecloak Spy	dark_prophecies	whitecloak_spy		1			Character	Children of the Light			2			Uncommon	02-149 U	This card may only be recruited with ability symbols with the Children of the Light allegiance.  If any player has 4 or more pattern, you may rotate and kill Whitecloak Spy to target a character that was recruited this turn.  The target is returned to its owner's hand and cannot be recruited this turn or next turn.
Young Bull	dark_prophecies	young_bull					Character	Dragon	Wolfbrother, Ta'veren, Reinforcement	1			4	Rare 2	02-150 R2	Replace Perrin Aybara.  All Wolf characters and troops you control have +1 Combat.  As an event, Young Bull may convert 1 point of character damage he generates into 1 point of troop damage.  Young Bull also has all of the Dragon Reborn's allegiances.
Jarette Byar (misprint)	dark_prophecies	jarette_byar				1	Character	Children of the Light					2	Uncommon 1	S2-054 U1	While participating in a challenge against a monster, or a character or troop with the Aes Sedai allegiance, Jaret Byar additionally generates [Damage] when he rolls his dice.