id	name	set	politics_cost	intrigue_cost	one_power_cost	combat_cost	type	subtype_allegiance	attribute	politics_ability	intrigue_ability	one_power_ability	combat_ability	rarity	collector	text	flavor	artist
a_beginning	A Beginning	premier					Event							Rare	01-001 R	Play when you have at least 4 cards in your hand.  Discard your entire hand and draw 4 cards.		
a_murder_of_ravens	A Murder of Ravens	premier		2			Event							Common	01-002 C	This card may only be played by a Villain player.  Target another player and name a card.  If the named card is in the target's hand, he must discard one copy of it.  If it is not in his hand, he must show you his hand.		
a_second_chance	A Second Chance	premier					Advantage	Character						Fixed	01-003 F	Target a character you control.  Immediately after you roll the target's dice, you may discard this advantage from play to reroll up to two of those dice, or up to three of those dice if the target is a Ta'veren.  The original dice results are ignored.		
a_sign_of_hope	A Sign of Hope	premier					Event							Common	01-004 C	Target a non-Hero, non-Villain character in your killed pile.  Convert one of your Pattern tokens to a neutral token.  Move the target to your discard pile.		
a_stroke_of_luck	A Stroke of Luck	premier					Event	Limited						Common	01-005 C	If a character you control rolled three or more dice of the same ability but rolled no symbols of that ability, add one to your pool. [CLARIFICATION: The symbol generated from A Stroke of Luck is as if the character rolled it. It has the same allegiance(s), and is the same type. - 06.27.2000 - ERRATA]		
a_time_of_decision	A Time of Decision	premier					Challenge							Common	01-006 C	Target a character you have in play.  If you succeed, retrieve a replacement version of the character from your deck and place it in your hand.		
a_time_of_peace	A Time of Peace	premier	3				Event							Rare	01-007 R	No player may initiate a card-based challenge on the next turn.		
advanced_scout	Advanced Scout	premier				2	Advantage	Character						Uncommon	01-008 U	When assigning damage from your opponent's character damage pool, this character must be assigned a point.  While this character is participating in a challenge, all events you play in that challenge have their combat symbol costs reduced by one.		
al_cair_rahienallen	Al'cair'rahienallen	premier					Advantage	Player	Capital of Cairhien					Rare	01-009 R	While you control the Cairhien contested advantage by 5 or more, when Cairhien characters you control generate any [Intrigue Icon], they also generate an equal number of [Damage Icon]. [CLARIFICATION: If Al'cair'rahienallen is used with A Stroke of Luck to generate an Intrigue symbol, you do not also generate a Damage symbol. - 06.27.2000 - ERRATA]		
amys	Amys	premier	2		1		Character	Aiel	Dreamwalker, Light Nature, Wise One, Taardad Aiel	2	1	2		Uncommon	01-010 U	Rotate Amys and target a character with only the Aiel allegiance with a Politics ability lower than hers (including none). Rotate the target for no effect. [08.21.2001 - ERRATA]		
andor	Andor	premier					Advantage	World	Nation Contested Advantage					Uncommon	01-011 U	If you control Andor during the ready round, choose one allegiance. Until end of turn, symbols generated by Andor cards you control gain the chosen allegiance. [08.21.2001 - ERRATA]		
andor_cavalry	Andor Cavalry	premier	1			1	Troop	Andor	Multiple, Reinforcement				4	Fixed	01-012 F			
andor_infantry	Andor Infantry	premier	2				Troop	Andor	Multiple				4	Fixed	01-013 F			
andoran_spearmen	Andoran Spearmen	premier					Troop	Andor	Multiple				2	Uncommon	01-014 U	The cost to recruit this card is [Politics Icon] or [Combat Icon].  During the Coming to Grips step in which this card is participating, you may rotate and kill this card to add two tokens to your troop damage pool. [CLARIFICATION: - A card can not be *ready, but killed.* A card in the killed pile is neither ready nor rotated. Andoran Spearmen can use their special ability if they have damage equal to or greater than their highest ability. 06.27.2000 - ERRATA]		
animate_stone	Animate Stone	premier					Event							Uncommon	01-015 U	Target a challenge during its Opening Moves step.  This card becomes a character, participating in that challenge, with one Combat ability for each [One Power Icon] you pay.  Roll its dice immediately add the results to your pool.  Discard this card after the challenge resolves.		
asmodean_i	Asmodean (I)	premier					Character	Dark One	Starting Villain, Forsaken		1	4		Rare	01-016 R	Immediately after Asmodean rotates, he generates an additional ability symbol of your choice.  That symbol can only be used for recruiting characters and troops with the Dark One allegiance.
assassination_attempt	Assassination Attempt	premier					Challenge							Uncommon	01-017 U	Target a non-Ta'veren, non-Starting character. Only Intrigue and One Power may be rolled in this challenge. For every 3 points by which you succeed, do one point of damage to the target. [08.21.2001 - ERRATA]		
aura_of_death	Aura of Death	premier					Advantage	Character						Uncommon	01-018 U	The next time the targeted character takes damage, he takes one additional point of damage.  When he takes this extra damage, discard this advantage.   May not target a Ta'veren unless he has one or more damage tokens on him. [CLARIFICATION: Aura of Death is the source of the damage. - 06.27.2000 - ERRATA]		
aviendha	Aviendha	premier				1	Character	Aiel	Light Nature, Maiden of the Spear, Taardad Aiel				3	Uncommon	01-019 U	Symbols generated by this character may not be used for recruiting.  Aviendha gains +1 Combat while participating in a challenge.		
bain	Bain	premier				1	Character	Aiel	Maiden of the Spear, Shaarad Aiel				3	Common	01-020 C	Symbols generated by this character may not be used for recruiting.		
battle_hardened	Battle Hardened	premier					Advantage							Common	01-021 C	Target a character or troop you control.  When determining how many ability dice to roll for the target, ignore all damage on him.		
be_lal_i	Be'lal (I)	premier					Character	Dark One	Starting Villain, Forsaken		1	4	4	Rare	01-022 R	You may only recruit one character and one troop per turn.  If the Dragon Reborn initiates the Callandor challenge and fails to succeed, place the Callandor advantage on Be'lal instead.
berelain	Berelain	premier	3				Character	Dragon	First of Mayene	3	1			Rare	01-023 R	Politics ability symbols generated by Berelain have all alegiances for recruiting purposes.		
bitter_fighting	Bitter Fighting	premier				1	Event							Rare	01-024 R	Target a troop you control and another player's troop participating in the same challenge.  Both troops roll their dice and apply damage (other results are ignored).  Both troops continue rolling their dice and applying damage until one troop is mortally wounded.  [CLARIFICATION: mortally wounded = a character or troop is mortally wounded when it has taken at least one point of damage, and it has no current ability above zero.  06.27.2000 - ERRATA]		
blood_tide	Blood Tide	premier				2	Event							Common	01-025 C	Target a challenge.  Each [Combat Icon] you roll while participating in the challenge is converted into a [Damage Icon] instead.		
bodyguards	Bodyguards	premier	1			1	Advantage	Character						Fixed	01-026 F	When the targeted character takes damage, apply it to this card instead.  Discard this advantage when it has taken two points of damage and apply any extra damage to the targeted character.		
border_clash	Border Clash	premier					Challenge							Uncommon	01-027 U	Politics cannot be rolled in this challenge.  Reinforcement cannot be used in this challenge.  If you succeed, move a token from the neutral section of the Pattern to your section, and you may add a token to a nation contested advantage.		
broken_ground	Broken Ground	premier					Event							Uncommon	01-028 U	For each [Combat Icon] spent, target one troop participating in the same challenge.  The targeted cards do not ready next turn.		
bubble_of_evil	Bubble of Evil	premier					Event							Common	01-029 C	This card may only be played by a Villain player.  Target a character participating in a challenge.  The target may choose not to roll his dice this turn.  If he does roll, he takes one point of damage for each ability symbol he rolls.		
caemlyn	Caemlyn	premier					Advantage	Player	Capital of Andor					Rare	01-030 R	While you control the Andor contested advantage by 5 or more, all Andor characters you control may use their Politics in the Last Battle.  This allows your Andor characters with only Politics to participate in the Last Battle.		
cairhien	Cairhien	premier					Advantage	World	Nation Contested Advantage					Uncommon	01-031 U	For each token by which you control Cairhien, you may use one [Intrigue Icon] as a [Politics Icon] or [Combat Icon] to recruit.  (These symbols retain their original allegiance.)		
cairhien_footmen	Cairhien Footmen	premier	1			1	Troop	Cairhien	Multiple				5	Common	01-032 C	As an event, any player may target this troop and pay any amount of [Intrigue Icon].  For each [Intrigue Icon] paid, this troop rolls one less Combat die for the rest of the turn.		
cairhien_horsemen	Cairhien Horsemen	premier	1				Troop	Cairhien	Reinforcement				2	Uncommon	01-033 U	As an event, rotate this troop and target a troop you control.  The targeted troop gains Reinforcement until the end of the turn.		
callandor	Callandor	premier					Challenge		Unique					Rare	01-034 R	Can only be initiated by the Dragon Reborn.  If you succeed by five or more, this card becomes a sa'angreal character advantage on the Dragon Reborn.  While the target participates in a challenge, you may place two tokens on this card to roll One Power dice equal to the target's current One Power ability.  Unless the target rolls more [One Power Icon] in the challenge than tokens on this card, you must apply damage on your participating cards equal to his One Power ability. [CLARIFICATION: Callandor is a sa'angreal, and works like all other angreal. You roll the dice for Callandor at the same time your are rolling the One Power dice for the target character, and those dice are considered to be *from* the target character. - 02.13.2000 - ERRATA]		
called_to_war	Called to War	premier					Advantage	Player						Uncommon	01-035 U	You may initiate a challenge each turn targeting a nation contested advantage.  There is automatically 5 opposition to the challenge.  For every two by which you succeed, add a token to the targeted advantage.		
car_a_carn	Car'a'carn	premier					Challenge							Uncommon	01-036 U	Only the Dragon Reborn may initiate this challenge.  If you succeed, this challenge becomes a character advantage on the Dragon Reborn giving him the Aiel allegiance.  For each point by which you succeed, place a follower token on the advantage.  You may remove one follower token to reduce the cost of an Aiel character or troop by one ability of your choice.		
carpe_fatum	Carpe Fatum	premier			4		Event							Rare	01-037 R	The symbols used to pay for this card must all come from the same character.  Add one token to your section of the Pattern.		
catapults	Catapults	premier				1	Troop	Mercenary	Multiple				1	Uncommon	01-038 U	When participating in a challenge, Catapults add one point of damage to your troop damage pool during the Opening Moves step.		
charge	Charge	premier					Event							Common	01-039 C	Play this card during the Opening Moves step of a challenge. For each [Combat Icon x2] you pay, target one troop you control participating in that challenge. Rotate the target troops, roll their dice, and add the results to your pools. [02.13.2000 - ERRATA]		
chiad	Chiad	premier	1			1	Character	Aiel	Maiden of the Spear, Goshien Aiel		1		3	Uncommon	01-040 U	Symbols generated by this character may not be used for recruiting.		
civil_unrest	Civil Unrest	premier					Event							Uncommon	01-041 U	Target a nation contested advantage.  Each player rolls a Combat die for each token they have on that advantage.  For each [Damage Icon] rolled, they may remove a token of their choice from the target advantage.		
combat_reserves	Combat Reserves	premier				2	Advantage	Player						Rare	01-042 R	You may pay [Combat Icon] as a limited event to place a reserve token on this card.  You may remove two reserve tokens as a limited event to add one [Combat Icon] to your pool.  This symbol has the allegiance(s) of your starting character.		
commander	Commander	premier	1			1	Character	Mercenary	Multiple				2	Fixed	01-043 F			
compulsion	Compulsion	premier			2		Advantage	Character						Rare	01-044 R	May only be played by a Villain player. Target a non-Taveren, non-Starting character with a printed cost controlled by a Hero player that has at least 3 characters in play. The target may not ready during the ready round. The target's controller may return the target to his hand to discard this advantage. At the start of the Last Battle and/or if the target is replaced, discard this advantage. [08.21.2001 - ERRATA]		
concealed_dagger	Concealed Dagger	premier		1			Advantage	Character						Rare	01-045 R	Discard this advantage as an event while the target is participating in a challenge and pay [Intrigue Icon] to add a point of damage to another character (of your choice) participating in the same challenge.		
confrontation	Confrontation	premier					Challenge							Fixed	01-046 F	If you succeed by five or more, add two tokens to your section of the Pattern.		
connections	Connections	premier	1				Event	Limited						Common	01-047 C	Draw two cards.		
cut_supply_lines	Cut Supply Lines	premier					Challenge							Rare	01-048 R	Target another player.  If you succeed, this challenge becomes a player advantage targeting him.  His maximum hand size is decreased by 2.		
dain_bornhald	Dain Bornhald	premier	1				Character	Children of the Light		1			1	Common	01-049 C			
dangerous_liaisons	Dangerous Liaisons	premier		2			Advantage	Player						Rare	01-050 R	You may pay [Intrigue Icon] as a limited event to place a reserve token on this card.  You may remove two reserve tokens as a limited event to add one [Intrigue Icon] to your pool.  This symbol has the allegiance(s) of your starting character.		
dark_dreams	Dark Dreams	premier			1		Advantage	Player						Rare	01-051 R	This card may only be played by a Villain player.  You may discard this card as an event and target a card-based challenge.  It gains 2 additional opposition.		
darkfriend	Darkfriend	premier		1			Advantage	Character						Fixed	01-052 F	Target a character you control with a dark nature.  He gains the Dark One allegiance.		
darkfriend_band	Darkfriend Band	premier		1			Troop	Dark One	Multiple				2	Uncommon	01-053 U	The Darkfriend Band is recruited into your battleground, and has Reinforcement on the turn it is recruited.		
darkhound_pack	Darkhound Pack	premier			2	2	Character	Dark One	Monster, Multiple, Reinforcement				3	Rare	01-054 R	You cannot control more than one Darkhound pack at a time.  Symbols generated by this character may not be used for recruiting.  This character cannot be the target of advantages.  Any character that takes damage from a Darkhound Pack and is not completely healed by the end of the turn is killed.		
debt_of_honor	Debt of Honor	premier					Challenge							Fixed	01-055 F	Target a character you control.  If you succeed, this challenge becomes a character advantage targeting him.  While the target of the advantage is ready, your starting Hero or Villain gains the target's allegiance(s).  If you do not succeed, your starting Hero or Villain takes one point of damge, and the target is killed.		
decisive_tactics	Decisive Tactics	premier					Event							Fixed	01-056 F	Play this card during the Opening Moves or Coming to Grips step of a challenge.  For each [Combat Icon x2] you pay, apply one [Support Icon] or [Opposition Icon] to the challenge.		
defensive_measures	Defensive Measures	premier					Event							Common	01-057 C	Target one or more ready troops you control that are participating in the same challenge.  Pay [Combat Icon x2] for each target.  For each [Opposition Icon] the roll, they generate an additional [Opposition Icon]. [CLARIFICATION: Defensive Measures may be played in the Action Round. It may be played during one challenge while targetting troops in a different challenge. It can not be played during the Coming to Grips phase. Defensive Measures may not be used in the Last Battle - 02.13.2000 - ERRATA]		
dense_fog	Dense Fog	premier					Event							Common	01-058 C	Target a challenge.  For each [One Power Icon] you pay, all players except you must remove one token from their character damage pools and from their troop damage pools during each step of the challenge.		
dense_forest	Dense Forest	premier					Event		Terrain					Fixed	01-059 F	Target a card-based challenge.  Only one terrain event may target each challenge.  No cards may reinforce the challenge.  Before damage is applied, remove two points of damage from all player's character damage pools.		
disband	Disband	premier					Event							Common	01-060 C	Discard a troop you control.  Add a number of symbols to your pools equal to the recruit cost of the discarded troop.  These symbols have the same allegiance as the discarded troop.		
distractions	Distractions	premier					Event							Common	01-061 C	Target a troop participating in a challenge.  For each [Intrigue Icon] you pay, it must roll one die less than normal. [CLARIFICATION: Distractions may be played at any time you could normally play an event, limited to times when there are troops participating in a challenge. - 06.27.2000 - ERRATA]		
draghkar	Draghkar	premier			1	1	Character	Dark One	Monster, Multiple, Reinforcement				2	Rare	01-062 R	You must have 5 pattern to recruit a Draghkar.  This character cannot be the target of advantages.  Whenever Draghkar rolls dice ignore all results.  Whenever Draghkar rolls dice he generates [Damage Icon] [Damage Icon].		
dragon_banner	Dragon Banner	premier			2		Advantage	Player						Rare	01-063 R	Can only target a Hero player.  Pay [Politics Icon] as a limited event and target a character you control.  The target permanently gains the Dragon allegiance.  Each of your Dragon characters participating in a challenge initiated by the Horn of Valere contested advantage automatically generate one additional support.		
dragonsworn	Dragonsworn	premier					Troop	Dragon	Multiple				2	Rare	01-064 R	There is no cost to bring the Dragonsworn into play.		
driven	Driven	premier					Event							Rare	01-065 R	Target one or more trolloc troops you control that are participating in the same challenge.  For each troop targeted, put a damage token on it and it generates one [Support icon].		
duel	Duel	premier					Event							Common	01-066 C	Target a ready character.  Select a character you control with the same allegiance as the target.  Each character rolls his dice and applies any [Damage Icon] (other results are ignored).  The target can rotate for no effect to ignore this card.		
eamon_valda	Eamon Valda	premier	1	1		2	Character	Children of the Light	Lord Captain	1	2		3	Uncommon	01-067 U	Rotate Eamon Valda to remove one token from a contested advantage.		
earth_blast	Earth Blast	premier			2		Event							Uncommon	01-068 U	Play this card during the Opening Moves or Coming to Grips step of a challenge.  Target a character participating in that challenge.  The target takes a point of damage and may not ready next turn.		
egwene_al_vere	Egwene al'Vere	premier			1		Character	Aes Sedai	Novice, Light Nature			1		Fixed	01-069 F	If Egwene rolls a number of [One Power Icon] equal to her permanent One Power ability, she gains +1 One Power permanently, to a maximum of three.		
egwene_the_accepted	Egwene the Accepted	premier					Character	Aes Sedai	Accepted, Dreamwalker, Light Nature	1	2	2		Rare	01-070 R	Replace Egwene al'Vere when she has a permanent One Power of at least two.  If Egwene rolls a number of [One Power Icon] equal to her permanent One Power ability, she gains +1 One Power permanently, to a maximum of three.		
elaida_sedai	Elaida Sedai	premier	1	1	2		Character	Aes Sedai	Red Ajah	2	2	3		Rare	01-071 R	If Elaida rolls a number of [One Power Icon] equal to her permanent One Power ability, she must look at the top five cards of any players' deck; reveal two of them to all players, and place them back on top of the deck in the same order.		
elayne_trakand	Elayne Trakand	premier	2				Character	Andor	Light Nature, Daughter-Heir	2		1		Fixed	01-072 F	The Dragon Reborn does not cause an allegiance penalty when paying any of the cost to recruit Elayne.		
elyas	Elyas	premier	1			2	Character	Mercenary	Wolfbrother		1		3	Rare	01-073 R	Elyas cannot be controlled by a Villain player.  Rotate Elyas to retrieve a Wolf troop from your deck and place it in your hand.		
establish_contacts	Establish Contacts	premier					Advantage	Character						Uncommon	01-074 U	Target a Forsaken character.  He gains +1 Intrigue.		
exiled	Exiled	premier					Challenge							Uncommon	01-075 U	Target a character and select an allegiance of that character.  Only characters of the selected allegiance may participate in this challenge.  If you succeed by at least the character's cost or highest ability, whichever is greater, remove that allegiance from the target.		
expendable_troops	Expendable Troops	premier				1	Event							Common	01-076 C	Target a challenge.  This event acts as if it were a mercenary troop participating in that challenge with 2 Combat ability.  Discard this card after the challenge resolves.		
fade	Fade	premier		1		1	Character	Dark One	Monster, Multiple, Myrddraal		1		3	Fixed/Common	01-077 F/C	This card cannot participate in challenges until there are at least four tokens on your section of the Pattern.		
fall_back	Fall Back	premier					Event							Common	01-078 C	Target a character you control.  Put a number of recovery tokens on the target equal to the number of damage tokens on him, then remove all damage from the target.  Rotate the target for no effect.  The target cannot ready while recovery tokens remain on him.  Remove one recovery token at the end of each ready round.		
far_reaching_influence	Far Reaching Influence	premier					Advantage	Character						Common	01-079 C	Target a character with Politics.  The target gains +1 Politics.  If the target ever participates in a card-based challenge you initiate but do not succeed at, discard this advantage.		
fireball	Fireball	premier			1		Event							Fixed	01-080 F	Play this card during the Opening Moves or Coming to Grips step of a challenge.  Target a character or troop participating in that challenge.  Put one point of damage on the target.		
flanking_maneuvers	Flanking Maneuvers	premier					Challenge							Uncommon	01-081 U	Only cards with Reinforcement may participate in this challenge.  No cards can reinforce this challenge.  If you succeed by three or more, add one token to your section of the Pattern.		
flowing_coffers	Flowing Coffers	premier					Challenge							Common	01-082 C	If you succeed, this challenge becomes a player advantage targeting you.  For each point by which you succeed, place a wealth token on this card.  You may remove one wealth token to reduce the cost of a mercenary character or troop by one ability of your choice.  Discard the advantage when there are no tokens remaining.		
forced_back	Forced Back	premier					Challenge							Common	01-083 C	Target a non-Hero, non-Villain character you do not control.  If you succeed, this challenge becomes a character advantage on the target.  The effect text of the target is ignored.		
forced_march	Forced March	premier				2	Advantage	Player						Rare	01-084 R	When you recruit a troop, you may pay [Combat Icon] in addition to its cost to bring that troop into play in your battleground 9rather than in your home front).  You may pay an additional [Combat Icon] to give the troop Reinforcement until the end of the turn.		
fortress_of_light	Fortress of Light	premier					Advantage	World	Contested Advantage					Rare	01-085 R	Only characters and troops with the Children of the Light allegiance may participate in challenges initiated by this contested advantage. An opponent may not target a card you control with an event that has a printed (One Power) cost unless he first pays a (One Power). During the Opening Moves step of a Last Battle challenge, you generate (support, support, opposition, opposition) for each contested advantage you control. [08.21.2001 - ERRATA]		
forward_scouts	Forward Scouts	premier				1	Troop	Mercenary	Multiple				1	Uncommon	01-086 U	While participating in a challenge, this card may rotate as an event to give another troop Reinforcement.  That troop may only reinforce the challenge in which this card is participating.		
from_the_shadows	From the Shadows	premier					Challenge							Uncommon	01-087 U	Only Intrigue may be rolled in this challenge.  If you succeed, add a token to your section of the Pattern.		
further_demands	Further Demands	premier					Advantage							Common	01-088 C	Target a mercenary character or troop.  Rotate the target for no effect.  It may not ready.  The controller of the card may discard this advantage by paying the cost of the targeted card as a limited event.		
further_goals	Further Goals	premier					Event	Limited						Rare	01-089 R	Target a card-based challenge you initiated.  If you win the challenge by 7 or more, add a token to your section of the Pattern.		
future_returns	Future Returns	premier	1	1	1	1	Advantage	Player						Rare	01-090 R	Pay any ability symbol as a limited event to place an investment token on this card. Rotate this card and remove 5 investment tokens to draw a card. (Same printed cost) [05.27.2000 - ERRATA]		
gaining_an_advantage	Gaining An Advantage	premier					Challenge							Fixed	01-091 F	If you succeed, this challenge becomes a player advantage targeting you.  You may discard it as an event to generate [Politics Icon] [Intrigue Icon] [Combat Icon].  These symbols have all allegiances.		
galldrian_su_riatin_rie	Galldrian su Riatin Rie	premier	2	3			Character	Cairhien	King of Cairhien	3	3		1	Rare	01-092 R	You must have 5 Pattern to recruit Galldrian.  While you control Galldrian, all Cairhien characters you control gain +1 Intrigue.		
gareth_byrne	Gareth Byrne	premier	3			2	Character	Andor	Light Nature	2	1		3	Rare	01-093 R	While you control Gareth Byrne, Andor troops you control gain +1 combat.		
gateway	Gateway	premier					Event	Limited						Uncommon	01-094 U	Target one character or troop per [One Power Icon x2] you pay.  Each target is readied, moved to the battleground and gains Reinforcement (until the end of the turn).		
gather_allies	Gather Allies	premier					Challenge							Fixed	01-095 F	No troops may participate in this challenge.  If you succeed, add one token to your section of the Pattern.		
gather_support	Gather Support	premier					Challenge							Common	01-096 C	Choose Politics, Intrigue or Combat.  For each one by which you succeed, one symbol of that type is added to your pool at the beginning of the next action round.  The symbols added have no allegiance.		
gaul	Gaul	premier		1		1	Character	Aiel	Light Nature, Stone Dog, Shaarad Aiel				3	Uncommon	01-097 U	Symbols generated by this character may not be used for recruiting.  Gaul gains +1 Combat while he is damaged.  Gaul generates one [Combat Icon] when he participates in a challenge.		
geofram_bornhald	Geofram Bornhald	premier	2			2	Character	Children of the Light	Lord Captain	2			3	Rare	01-098 R	Rotate Geofram to find the top challenge card in your deck and place it in your hand.		
graendal_i	Graendal (I)	premier					Character	Dark One	Starting Villain, Forsaken	2	1	4		Rare	01-099 R	Any character you recruit gains the Dark One allegiance.
gray_man	Gray Man	premier		1	1		Character	Dark One	Multiple		1		1	Uncommon	01-100 U	You cannot use ability symbols rolled by Gray Man to recruit.  Gray Man's abilities cannot be increased.  As an event, rotate Gray Man and target a character.  Roll Gray Man's dice and apply any [Damage Icon] to the target.  The target may then roll his dice and apply any [Damage Icon] to Gray Man.		
guarded_by_fate	Guarded by Fate	premier					Event							Rare	01-101 R	Target a character who has damage greater than or equal to his highest Permanent ability.  Remove damage from the target until it has one less damage than its highest Permanent ability.  [05.27.2000 - ERRATA]		
halfman	Halfman	premier		1		2	Character	Dark One	Monster, Multiple, Myrddraal				2	Rare	01-102 R	All trolloc troops you control participating in the same challenge as the Halfman gain +1 Combat.  You can only use this bonus from one Halfman for each 3 tokens you have on your section of the Pattern.		
hampered	Hampered	premier		1			Event							Common	01-103 C	Target a ready character or troop card controlled by another player.  The target cannot use its effect text this turn.		
harassment	Harassment	premier					Event							Common	01-104 C	Target one character or troop with Reinforcement for each [Intrigue Icon] you pay.  The targets lose their Reinforcement ability.		
healing	Healing	premier			1		Event							Fixed	01-105 F	Remove one point of damage from a troop card, or all damage from a character card.		
heavy_armor	Heavy Armor	premier				1	Advantage	Troop						Common	01-106 C	As an event, rotate this card to remove one point of damage from the opponent's troop damage pool in any challenge in which the target is participating.		
heavy_fighting	Heavy Fighting	premier					Event							Common	01-107 C	Target a challenge.  All troops participating in that challenge gain +1 Combat ability until the challenge is resolved.		
herb_bag	Herb Bag	premier					Advantage	Character						Uncommon	01-108 U	Rotate this advantage as a limited event while the target is at the home front and select a character you control at the home front.  Remove 1 point of damage from the selected character.		
heroic_efforts	Heroic Efforts	premier					Event							Fixed	01-109 F	Remove any number of tokens from your character damage pool.  For each token removed, add one token to your troop damage pool.		
heron_mark_blade	Heron-Mark Blade	premier				2	Advantage	Character	Weapon					Rare	01-110 R	Target a non-Aiel, non-monster character with 4 or more Combat ability, or the Dragon Reborn.  That character gains +1 Politics ability, and may rotate this advantage while he is participating in a challenge to add one point of damage to your character damage pool.		
hidden_discoveries	Hidden Discoveries	premier	1	1	1	1	Advantage	Player						Rare	01-111 R	As an event, name a specific type of advantage (such as player advantage), rotate this card, and pay [One Power Icon].  Find the top advantage of that type in your deck and place it in your hand.		
hidden_spies	Hidden Spies	premier					Event							Common	01-112 C	This card may only be played by a Villain player.  Target another player.  Look at the top 5 cards of his deck.  You may then shuffle his deck.		
high_lady_alteima	High Lady Alteima	premier	2				Character	Tear		2	2			Uncommon	01-113 U	Pay [Intrigue Icon] and target a player.  That player must shuffle his deck.		
high_lady_estanda	High Lady Estanda	premier	1	1			Character	Tear		2	2			Common	01-114 C			
high_lord_aracome	High Lord Aracome	premier	2			1	Character	Tear		2	1		1	Uncommon	01-115 U	Each Ready round while you control High Lord Aracome, you may target a troop you control.  That troop gains Reinforcement until you target another troop or rotate High Lord Aracome.		
high_lord_geuyam	High Lord Geuyam	premier	2			1	Character	Tear		2	1		2	Common	01-116 C			
high_lord_meilan	High Lord Meilan	premier	2	2			Character	Tear		2	3		1	Rare	01-117 R	While participating in a challenge, any ability symbols rolled by High Lord Meilan are ignored.  For each [Support Icon] or [Opposition Icon] High Lord Meilan rolls, he generates an additional symbol of the same type.		
high_lord_samon	High Lord Samon	premier					Advantage	Character						Uncommon	01-118 U	May only target High Lord Be'lal.  High Lord Be'lal gains the Tear allegiance. [02.13.2000 - ERRATA]		
high_lord_torean	High Lord Torean	premier	1	1			Character	Tear		1	2			Common	01-119 C	You may use any [Intrigue Icon] rolled by High Lord Torean as a [Politics Icon] instead.		
high_lord_weiramon	High Lord Weiramon	premier	1			1	Character	Tear		2			3	Rare	01-120 R	While participating in a challenge, High Lord Weiramon may only roll his Combat dice if one or more Tear troops you control are participating in that challenge.  For each [Combat Icon] he rolls in a challenge, you must place a point of damage on one of your participating troops.		
high_stakes	High Stakes	premier					Event							Rare	01-121 R	Play this event during the ready round.  The player who wins the Pattern challenge may also move a neutral token to his section of the Pattern.		
hired_agent	Hired Agent	premier		1			Character	Mercenary	Multiple		1			Common	01-122 C			
horn_of_valere	Horn of Valere	premier					Advantage	World	Contested Advantage, Unique					Rare	01-123 R	The first player to control this advantage by 20 or more adds two tokens to his section of the Pattern and places it on a character they control as a character advantage.  If you control this advantage during the Last Battle, each [Support Icon] you roll also counts as a [Damage Icon]. [CLARIFICATION: To control the Horn of Valere, you must have 20 more tokens than any other single player. Once you control it, it is no longer a Contested Advantage. There is no loss of pattern for discarding or otherwise losing Horn of Valere. - 06.27.2000 - ERRATA]		
hostile_terrain	Hostile Terrain	premier					Event		Terrain					Common	01-124 C	Target a card-based challenge.  Only one terrain event may target each challenge.  A player must pay [Combat Icon] for each troop he wishes to use its Reinforcement trait.  If any troop takes damage during the challenge, it takes an additional point of damage after the challenge is resolved.		
house_guards	House Guards	premier	1	1			Troop	Cairhien	Multiple				3	Rare	01-125 R	If a Cairhien character you control takes any damage while participating in a challenge with House Guards, you may apply the damage to this card instead.  You cannot use this effect while this card has damage greater than or equal to its Combat Permanent ability. [06.27.2000 - ERRATA]		
human_rabble	Human Rabble	premier		1			Troop	Mercenary	Dark Nature, Multiple				2	Fixed	01-126 F	Human Rabble may participate in challenges with monster characters and troops you control.		
hunting_trollocs	Hunting Trollocs	premier					Challenge							Common	01-127 C	Target a monster troop.  If you succeed by at least the current Combat ability of the target, discard it.		
illusion	Illusion	premier					Event							Uncommon	01-128 U	Play this card during the Opening Moves step of a challenge and target another player.  For each [One Power Icon] you pay, you may remove one token from the target's support, opposition or character damage pool.		
in_harm_s_way	In Harm's Way	premier					Event							Common	01-129 C	Target a character you control who is participating in a challenge.  Put one point of damage on the target.  He gains +3 Combat.		
incentives	Incentives	premier					Event							Common	01-130 C	You may ignore the light nature or dark nature trait on the next character you recruit this turn.		
infighting	Infighting	premier					Event	Limited						Common	01-131 C	Target two or more trolloc troops participating in the same challenge.  If each target's controller does not pay [Combat Icon] from a character before the challenge is resolved, that target troop takes one point of damage.  Draw one card.		
infiltration	Infiltration	premier					Event							Common	01-132 C	While participating in a challenge, pay any amount of [Intrigue Icon].  For each [Intrigue Icon x2] you pay, add a point of damage to a troop participating in the same challenge.		
inner_strength	Inner Strength	premier	1		1		Advantage	Player						Uncommon	01-133 U	Rotate this advantage as an event and target a character you control.  Add one ability symbol of any type to your pool.  You may only use that symbol to pay effect text cost on the targeted character.		
inspirational_leader	Inspirational Leader	premier	1			1	Advantage	Character						Rare	01-134 R	Whenever you roll the target's dice, you may replace all of his Politics dice with Combat dice. (This does not change the target's abilities.) This can allow him to participate in the Last Battle.		
into_the_fight	Into the Fight	premier					Event	Limited						Uncommon	01-135 U	The next character you recruit has minus one to the cost of one ability of your choice.  This character is placed in the battleground (instead of your home front) and gains Reinforcement (for the rest of the turn).		
intolerance	Intolerance	premier					Event	Limited						Common	01-136 C	Target a player.  All cards with an allegiance different from his Hero or Villain character cause the allegiance penalty when being recruited.		
ishamael_i	Ishamael (I)	premier					Character	Dark One	Starting Villain, Forsaken	1	2	4	1	Rare	01-137 R	Ishamael may roll an extra Intrigue die while you have more Pattern tokens than any other player.  Unless a Hero player has at least 4 Pattern, all [Damage Icon] rolled by Ishamael are ignored.
jaichim_carridin	Jaichim Carridin	premier	1	2			Character	Dark One	Inquisitor	1	2		1	Rare	01-138 R	Jaichim has the Children of the Light allegiance.  When Jaichim rotates to generate symbols at the beginning of the action round, he automatically generates a [Politics Icon].		
jasin_natael	Jasin Natael	premier					Advantage	Character						Uncommon	01-139 U	May only target Asmodean.  He gains +1 Intrigue and Gleeman.  You may rotate this advantage as a limited event to look at the top card in another player's deck.		
juilin_sandar	Juilin Sandar	premier	2				Character	Tear	Light Nature, Thief-catcher		2		2	Rare	01-140 R	Rotate Juilin and target a character in play.  The target's Intrigue is reduced by Juilin's Intrigue.  If this effect would kill a character, he is discarded but is not considered killed. [CLARIFICATION: Juilin Sandar can only target non-hero and non-villain characters with his ability. - 02.13.2000 - ERRATA]		
knowledge_is_power	Knowledge is Power	premier					Event							Common	01-141 C	Pay any number of [Intrigue Icon].  For each [Intrigue Icon] you pay, target one player.  Look at the top card of each target's deck.  You may discard any of the cards you view.		
lady_aemlyn	Lady Aemlyn	premier	2			1	Character	Andor	Light Nature	1	1		1	Fixed	01-142 F	While participating in a challenge, Lady Aemlyn can convert any ability symbol she rolls into a [Support Icon].		
lady_arathelle	Lady Arathelle	premier	1				Character	Andor	Light Nature	2				Fixed	01-143 F			
lady_colavaere	Lady Colavaere	premier	1	1			Character	Cairhien		2	2			Uncommon	01-144 U	Lady Colavaere gains +1 Intrigue while there are no other Cairhien characters in play with Politics or Intrigue greater than 2.		
lady_elenia	Lady Elenia	premier	1				Character	Andor	Dark Nature	1	1			Fixed	01-145 F	You may rotate Lady Elenia as a limited event to have her cease participating in a challenge.		
lady_ellorien	Lady Ellorien	premier	2				Character	Andor	Light Nature	2	1			Fixed	01-146 F			
lan_mandragoran	Lan Mandragoran	premier	1			2	Character	Aes Sedai	Warder, Light Nature, Bonded to Moiraine Sedai		1		4	Fixed	01-147 F	Lan cannot be controlled by a Villain player.  Lan may pay [Combat Icon x2] to generate either a [Politics Icon] or a [Intrigue Icon].		
lanfear_i	Lanfear (I)	premier					Character	Dark One	Starting Villain, Forsaken, Dreamwalker	2	2	4		Rare	01-148 R	Whenever Lanfear rolls at least [One Power x3], she may rotate the Dragon Reborn for no effect.
learning_from_the_past	Learning From The Past	premier					Challenge							Common	01-149 C	Only Politics and Intrigue may be rolled in this challenge.  If you succeed, this challenge becomes a player advantage targeting you.  You may discard the advantage to pay for the ability symbol cost of playing an advantage.		
liandrin_sedai	Liandrin Sedai	premier	1	2	1		Character	Dark One	Black Ajah	2	3	2		Rare	01-150 R	Liandrin has the Aes Sedai allegiance, and is considered to be Red Ajah.  Rotate Liandrin as an event to look at a random card in another player's hand.  If the card has any [One Power Icon] in its cost, discard it.		
light_cavalry	Light Cavalry	premier	1			1	Troop	Mercenary	Multiple				2	Fixed/Common	01-151 F/C	If you succeed at a challenge in which this troop participated and if this card has less than 2 damage, you may put one point of damage on another player's troop that participated, after all normal damage is applied.		
lightning	Lightning	premier					Event							Uncommon	01-152 U	Play this card during the Opening Moves or Coming to Grips step of a challenge.  Target a character or troop participating in that challenge.  Pay [One Power Icon] [One Power Icon]  to put one point of damage on the target.  For each additional [One Power Icon] [One Power Icon] you pay, you may put a point of damage on a different participating character or troop.		
limit_the_opposition	Limit the Opposition	premier					Challenge							Uncommon	01-153 U	If you succeed, this challenge becomes a player advantage targeting you.  Place a limit token on the advantage for each two by which you succeed.  During the ready round you may remove a limit token to target another player.  The target cannot draw more than two cards during that turn.		
local_aid	Local Aid	premier					Event							Common	01-154 C	For each [Combat Icon x2] you pay, remove one token from your opponent's troop damage pool.		
loial	Loial	premier	2				Character	Dragon	Treesinger, Ogier	2			1	Rare	01-155 R	Whenever Loial participates in a challenge, draw one card during the Opening Moves step of that challenge.		
longbow	Longbow	premier				2	Advantage	Character	Weapon					Rare	01-156 R	Target a character with the Combat ability. While the target is participating in a challenge rotate him as a limited event, select a non-Ta'veren, non-Starting character participating in the same challenge, and roll the target's Combat dice. Apply any rolled damage on the character selected. Other results are ignored. [08.21.2001 - ERRATA]		
lord_barthanes	Lord Barthanes	premier	2	2			Character	Dark One		2	3		1	Rare	01-157 R	Barthanes has the Cairhien allegiance.  While participating in a challenge, all Intrigue ability symbols Barthanes rolls are converted into damage symbols.		
lord_daricain	Lord Daricain	premier	1			2	Character	Cairhien		2	1		2	Uncommon	01-158 U			
lord_edorion	Lord Edorion	premier	2				Character	Tear		1	1		1	Common	01-159 C	If Lord Edorion's cost is payed for by a Tear High Lord or Tear High Lady, this card's cost is [Politics Icon]. [CLARIFICATION: Lord Edorian's effect triggers on card titles. - 06.27.2000 - ERRATA]		
lord_gaebril	Lord Gaebril	premier					Advantage	Character						Fixed	01-160 F	May only target Rahvin.  Rahvin gains the Andor allegiance.		
lord_jarid	Lord Jarid	premier	2				Character	Andor	Dark Nature	2			1	Fixed	01-161 F	If Lord Jarid rolls three ability symbols during a turn, draw one card.		
lord_lir	Lord Lir	premier	2			1	Character	Andor	Dark Nature	2	1		1	Fixed	01-162 F	During the Opening Moves step of a challenge in which Lord Lir is participating, you may add one point of damage to Lord Lir to add a token to your character damage pool. [CLARIFICATION: Lord Lir's ability may be used a maximum of once per turn. You may use his ability during the Opening Moves, regardless of how much damage is on Lord Lir. - 06.27.2000 - ERRATA]		
lord_meresin	Lord Meresin	premier	1	1		1	Character	Cairhien	Reinforcement	1	1		2	Uncommon	01-163 U			
lord_nasin	Lord Nasin	premier	2			1	Character	Andor	Dark Nature	2	1		2	Fixed	01-164 F			
lord_pelivar	Lord Pelivar	premier	2			1	Character	Andor	Light Nature	2			2	Fixed	01-165 F	As an event, Lord Pelivar may pay [Combat Icon] to remove one point of damage from an opponent's character damage pool in a challenge in which this card is participating.		
lord_perrin	Lord Perrin	premier					Character	Dragon	Ta'veren, Wolfbrother, Reinforcement	2	1		3	Rare	01-166 R	You must have 4 Pattern to replace Perrin Aybara.  Perrin gains +1 Combat while participating in a challenge against monster characters.  When applying his damage while participating in a challenge, Perrin can choose which applicable character any damage he has generated is applied to.		
lord_talmanes	Lord Talmanes	premier	1	1		2	Character	Cairhien		1	1		3	Uncommon	01-167 U	When Lord Talmanes participates in a challenge, you may target a troop participating in the same challenge.  It may not ready on the next ready round.		
lucky_find	Lucky Find	premier					Event							Rare	01-168 R	Choose a type of advantage (such as a player advantage).  Find the top advantage of that type in your deck and place it in your hand.		
marksmen	Marksmen	premier				2	Advantage	Troop	Weapon					Uncommon	01-169 U	Target a troop you control.  The target's Combat ability is reduced by two.  While participating in a challenge, the target rolls its dice and applies the results in the Opening Moves step instead of the Coming to Grips step (any damage generated is still considered troop damage).		
mat_cauthon_i	Mat Cauthon (I)	premier	2				Character	Dragon	Ta'veren		2		1	Fixed	01-170 F	You may reroll one of Mat's dice each turn (immediately after making his initial roll, the old result is ignored).
mat_the_warrior	Mat the Warrior	premier					Character	Dragon	Ta'veren	1	2		4	Rare	01-171 R	You must have 4 Pattern to replace Mat Cauthon.  You may reroll one of Mat's dice each turn (immediately after making his initial roll, the old result is ignored).  Mat may participate in challenges as a troop.  Symbols Mat generates have all allegiances when they are used to recruit troops.		
min	Min	premier	1	1			Character	Dragon		1	1			Rare	01-172 R	Rotate Min as an event and target a character you control.  Retrieve a replacement character with a Pattern requirement for the target from your deck and place it in your hand.  If Min is ever killed, you must convert one of your Pattern tokens into a neutral token. [CLARIFICATION: pattern requirement = a number of tokens on the pattern as a whole or your section of the pattern depending on the replacement card  09.06.2000 - ERRATA]		
misdirection	Misdirection	premier					Event							Common	01-173 C	Pay [One Power Icon] to target a troop whose recruit cost is two or less.  For each additional [One Power Icon x2] you pay, you may target another troop whose recruit cost is two or less.  Rotate the targets for no effect.		
moghedien_i	Moghedien (I)	premier					Character	Dark One	Starting Villain, Forsaken, Dreamwalker		3	4		Rare	01-174 R	Whenever Moghedien rolls at least [One Power Icon x3], you do not have to reveal your challenge card on the next turn until after the Challenge Round is over.  You must announce any participation restrictions on a hidden challenge card.
moiraine_sedai	Moiraine Sedai	premier	2	1	1		Character	Aes Sedai	Blue Ajah, Light Nature, Bonded to Lan Mandragoran	2	2	2		Fixed	01-175 F	Moiraine cannot be controlled by a Villain player.  If the Dragon Reborn pays any of Moiraine's recruit cost, you may pay exactly [Politics Icon x2] [One Power Icon] to recruit her.		
momentum	Momentum	premier					Advantage	Player						Uncommon	01-176 U	If you gain a token from the Pattern challenge, you gain 2 support or opposition (your choice) in every other challenge that takes place that turn.		
morgase_trakand	Morgase Trakand	premier	4				Character	Andor	Light Nature, Queen of Andor	4	1			Rare	01-177 R	You must have 4 Pattern to recruit Morgase.  You may rotate Morgase to add two tokens to the Andor contested advantage.		
mount	Mount	premier					Advantage	Character						Rare	01-178 R	The targeted character gains Reinforcement.		
nae_blis	Nae'blis	premier					Advantage	World	Contested Advantage					Uncommon	01-179 U	Only cards controlled by a Villain player may participate in challenges initiated by this challenge.  If any Villain player wins the Last Battle, the Villain controller of this advantage wins instead.		
narg	Narg	premier				1	Character	Dark One	Monster, Trolloc		1		1	Common	01-180 C			
narrow_escape	Narrow Escape	premier					Event							Uncommon	01-181 U	Play when a (non-Hero, non-Villain) character you control is killed.  Convert one of your Pattern tokens into a neutral token to place that character in your hand.  He is not considered killed.		
noble_allies	Noble Allies	premier					Challenge							Rare	01-182 R	If you succeed, this challenge becomes a player advantage targeting you.  The advantage increases your maximum hand size by 2.		
nynaeve_al_meara	Nynaeve al'Meara	premier	2				Character	Aes Sedai	Accepted, Light Nature	1		2		Rare	01-183 R	If Nynaeve rolls a number of [One Power Icon] equal to her permanent One Power ability, she gains +1 One Power permanently, to a maximum of four.  When Nynaeve rolls One Power dice, the results are ignored unless she rolls at least one [One Power Icon].		
overrun	Overrun	premier					Event							Fixed	01-184 F	Remove any number of tokens from your troop damage pool.  For each token removed, add one token to your character damage pool.		
padan_fain	Padan Fain	premier		1			Character	Dark One			1			Fixed	01-185 F	Padan Fain gains +1 Intrigue while participating in a challenge.  Padan Fain may reinforce any challenge in which the Dragon Reborn is participating.		
patrol	Patrol	premier	1				Troop	Children of the Light	Multiple				2	Uncommon	01-186 U	While participating in a challenge, this card may act as either a character or as a troop.		
pedron_niall	Pedron Niall	premier	4	2		2	Character	Children of the Light	Lord Captain Commander	3	3		2	Rare	01-187 R	You must have 2 Pattern to recruit this character. While you control Pedron Niall, Children of the Light troops you control gain +1 Combat. You may draw an additional card during the draw round. [08.21.2001 - ERRATA]		
perrin_aybara_i	Perrin Aybara (I)	premier	2				Character	Dragon	Ta'veren, Wolfbrother	1			2	Fixed	01-188 F	When applying his damage while participating in a challenge, Perrin can choose which applicable character any damage he has generated is applied to.
personal_growth	Personal Growth	premier					Event							Fixed	01-189 F	Target a character you control who rolled at least one ability symbol during a challenge.  Pay one of those symbols.  This card becomes a character advantage giving the target character +1 to that ability.		
plots	Plots	premier		1			Event							Fixed	01-190 F	Play during a challenge.  Roll two Politics dice and add the results to your pools.		
political_isolation	Political Isolation	premier					Challenge							Common	01-191 C	Target a player.  If you succeed, the target may not roll any Politics dice next turn.		
political_maneuvering	Political Maneuvering	premier					Challenge							Common	01-192 C	Only Politics dice may be rolled in this challenge.  If successful, add a token to your section of the Pattern.		
political_prisoner	Political Prisoner	premier					Challenge							Rare	01-193 R	Target a non-Hero, non-Villain character.  For each two by which you succeed, place a prisoner token on the target.  The target is rotated and may not ready while any prisoner tokens remain on him.  Remove one prisoner token for each [Politics Icon] paid by any player as a limited event.		
portal_stone	Portal Stone	premier					Event	Limited						Uncommon	01-194 U	Target one or more characters you control.  Roll one of the target's One Power dice.  For each [One Power Icon] rolled, two of the target characters of your choice become participants in one challenge of your choice.  Each targeted participant generates one additional [Support Icon] in that challenge.  All target characters who do not participate in that challenge rotate for no effect.		
power_suppression	Power Suppression	premier					Event							Rare	01-195 R	For each [One Power Icon x2] you pay, target a rotated character.  The targeted characters may not ready during the next ready round.		
prepared_defense	Prepared Defense	premier					Event	Limited						Common	01-196 C	Target a challenge.  Only events that have at least one [One Power Icon] in their cost may be played while resolving that challenge.		
prolonged_campaign	Prolonged Campaign	premier					Challenge							Rare	01-197 R	Requires four Pattern to initiate.  If you succeed, add a token to your section of the Pattern.  If you succeed by 4 or more, add an additional token to your section of the pattern.  If your opponent generated no opposition to the challenge, add an additional token to your section of the Pattern.  Participants in this challenge do not ready on the following turn.		
prophecy	Prophecy	premier			1		Event							Uncommon	01-198 U	Look at the top four cards of your draw deck.  Put two of the cards on the bottom of your deck, and return the other two cards to the top of your deck (in any order).		
pull_of_the_pattern	Pull of the Pattern	premier					Event							Uncommon	01-199 U	May only be played by a Hero player.  Name a card.  Reveal the top five cards of your deck.  Put any cards with that name into your hand.  Shuffle the rest back into your deck.		
queen_s_guard	Queen's Guard	premier	2			1	Troop	Andor					5	Rare	01-200 R	For each [Damage Icon] this troop rolls, it generates an additional [Damage Icon] if you control the Queen of Andor.		
rahvin_i	Rahvin (I)	premier					Character	Dark One	Starting Villain, Forsaken		1	4	1	Fixed	01-201 F	As an event, Rahvin may pay [One Power Icon x3] that he rolled to cause one point of damage to any character or troop in play.
raiding_party	Raiding Party	premier	1			1	Troop	Aiel	Multiple, Reinforcement		1		2	Uncommon	01-202 U	The Raiding Party gains +1 Combat ability while participating in a card-based challenge you initiate.		
rallying_cry	Rallying Cry	premier					Challenge							Uncommon	01-203 U	If you succeed, this challenge becomes a player advantage targeting you.  Whenever you succeed at a challenge, add a rallying token to this card.  Remove one rallying token to reduce the cost of a troop by one ability of your choice.		
rampage	Rampage	premier					Challenge							Fixed	01-204 F	Only the Villain player may initiate this challenge.  Target another player.  For each point by which you succeed, the target must discard a random card from his hand.		
rand_al_thor_i	Rand al'Thor (I)	premier					Character	Dragon	Starting Hero, Dragon Reborn, Ta'veren	1		2	2	Rare	01-205 R	While you control a nation contested advantage, Rand gains the allegiance of that nation.  If Rand rolls at least [One Power Icon x2], he permanently gains +1 One Power, to a maximum of four.		
rand_al_thor_ii	Rand al'Thor (II)	premier					Character	Dragon	Starting Hero, Dragon Reborn, Ta'veren	1		3		Rare	01-206 R	If Rand pays any of the cost for any events requiring One Power, the One Power cost for the card is decreased by 1.  If Rand rolls at least [One Power Icon x2], he permanently gains +1 One Power, to a maximum of five.		
rand_al_thor_iii	Rand al'Thor (III)	premier					Character	Dragon	Starting Hero, Dragon Reborn, Ta'veren	1	1	2	1	Rare	01-207 R	Select a non-Dark One allegiance at the beginning of the game.  Rand has that allegiance.  If Rand rolls at least [One Power Icon x2], he permanently gains +1 One Power, to a maximum of four.		
rand_al_thor_iv	Rand al'Thor (IV)	premier					Character	Dragon	Starting Hero, Dragon Reborn, Ta'veren	1		2	1	Fixed	01-208 F	If Rand pays any of the cost to recruit a Dragon or light nature character, apply -1 to the cost of each ability (after all other modifications).  If Rand rolls at least [One Power Icon x2], he permanently gains +1 One Power, to a maximum of four.		
rand_the_king	Rand the King	premier					Character	Dragon		4	2	5	3	Rare	01-209 R	Replace a Dragon Reborn character when you have 8 Pattern.  Rand the King gains the allegiances of all characters he controls.		
rapid_recovery	Rapid Recovery	premier					Event							Common	01-210 C	All characters you control that rotate to heal this turn remove two points of damage instead of one.		
ravens_watching	Ravens Watching	premier					Event							Common	01-211 C	This card may only be played by a Villain player.  Target a card-based challenge.  Hero players must pay [Intrigue Icon] in addition to any other costs to play each event while resolving that challenge.		
raw_recruits	Raw Recruits	premier				2	Advantage	Player						Rare	01-212 R	Rotate this advantage as a limited event and pay [Politics Icon] [Combat Icon] (of any allegiance) to target a multiple troop in your killed pile.  Return that troop to your hand.		
ready_resources	Ready Resources	premier	1			1	Advantage	Player						Rare	01-213 R	You may put advantages from your hand face down under this card.  You may play any advantages from under this card as if they were in your hand.		
reducing_influence	Reducing Influence	premier					Advantage	Player						Uncommon	01-214 U	You may initiate a challenge each turn targeting a nation contested advantage.  For each 2 by which you succeed, remove another player's token from the advantage.		
regroup	Regroup	premier					Event	Limited						Common	01-215 C	Target any number of characters and troops who are participating in the same challenge.  The targets may immediately rotate to stand down.		
reinforcements	Reinforcements	premier					Event	Limited						Common	01-216 C	Target one troop in the battleground for each [Combat Icon] [Combat Icon] you pay.  Each target gains Reinforcement.		
remove_fatigue	Remove Fatigue	premier			1		Event							Uncommon	01-217 U	Target a character.  Ready that character.		
request_tribute	Request Tribute	premier					Challenge							Common	01-218 C	For each two points by which you succeed, you may draw one card.  If you do not succeed, all other players draw one card.		
respite	Respite	premier					Event							Common	01-219 C	Target a character or troop you control.  The target may remove up to three damage tokens if it rotates to heal this turn.		
rest_and_recovery	Rest and Recovery	premier					Advantage	Player						Uncommon	01-220 U	When none of your characters or troops participated in any challenges this turn, and you succeeded at a challenge on the previous turn, draw an additional card during the draw round.		
resupply	Resupply	premier	1			1	Advantage	Player						Uncommon	01-221 U	As a limited event, target a troop you control in the battleground and rotate this card.  Remove one point of damage from the target.		
rhuarc	Rhuarc	premier	2			4	Character	Aiel	Light Nature, Clan Chief of the Taardad Aiel, Taardad Aiel	3			4	Rare	01-222 R	You must have 5 pattern to recruit Rhuarc.  While you control Rhuarc, all Aiel characters you control gain +1 Combat while participating in a challenge.		
rule_of_power	Rule of Power	premier	1		1		Event							Rare	01-223 R	All ability symbols you rolled this turn have all allegiances.		
rumors_and_lies	Rumors and Lies	premier					Event							Common	01-224 C	Pay any amount of [Intrigue Icon].  Target one damaged troop per [Intrigue Icon] you pay.  The targeted troops may not participate in any card-based challenges next turn.		
sabotage	Sabotage	premier		1			Event							Common	01-225 C	Target any player.  He must randomly discard a card from his hand.  You may pay an additional [Intrigue Icon] [Intrigue Icon] to make him randomly discard an additional card. [CLARIFICATION: Sabotage may not be in a player's opening hand. - 02.13.2000 - ERRATA]		
saidar_angreal	Saidar Angreal	premier			2		Advantage	Character						Rare	01-226 R	Target a female character you control with the One Power ability.  Whenever she rolls her One Power dice, she rolls an equal number of additional One Power dice, up to a maximum of two extra dice from this advantage.		
saidin_angreal	Saidin Angreal	premier			2		Advantage	Character						Rare	01-227 R	Target a male character you control with the One Power ability.  Whenever he rolls his One Power dice, he rolls an equal number of additional One Power dice, up to a maximum of two extra dice from this advantage.		
scouting_party	Scouting Party	premier				2	Troop	Aiel	Multiple, Reinforcement				3	Uncommon	01-228 U	During the Coming to Grips step in which this troop is participating against monster troops, a Scouting Party may pay one [Combat Icon] as an event to add a token to your troop damage pool or to remove a token from the monster's controller's troop damage pool.		
search_and_destroy	Search and Destroy	premier					Challenge							Uncommon	01-229 U	Only Combat and One Power may be rolled in this challenge.  Target a player advantage.  If you succeed by five or more, discard that advantage.		
seasoned_warrior	Seasoned Warrior	premier				1	Advantage	Character						Fixed/Common	01-230 F/C	During the Opening Moves step of a challenge in which the target is participating, he may pay [Combat Icon] to add a token to your character damage pool.		
seat_of_power	Seat of Power	premier					Advantage	Player						Rare	01-231 R	You may rotate this advantage as a limited event to generate one [Politics Icon] for each nation contested advantage you control.  Symbols generated by this advantage have all allegiances.		
second_front	Second Front	premier					Event							Common	01-232 C	Monsters you control may participate in the same challenge as non-Dark One cards you control.		
secondary_efforts	Secondary Efforts	premier					Challenge							Fixed	01-233 F	If you succeed, add one token to your section of the Pattern.		
secret_aid	Secret Aid	premier					Event							Common	01-234 C	Target a character participating in a challenge.  During the Opening Moves steop of that challenge, the target automatically generates [Politics Icon] [Intrigue Icon] [Combat Icon] (in addition to any rolled results).		
sentries	Sentries	premier				1	Troop	Mercenary	Multiple				1	Uncommon	01-235 U	During the Opening Moves step in which this card is participating, you may rotate and kill this card to generate 2 opposition to the challenge.		
shaidar_haran_i	Shaidar Haran (I)	premier	3	1	1	1	Character	Dark One	Monster	2	2		4	Rare	01-236 R	You must have 6 Pattern to recruit Shaidar Haran.  Rotate Shaidar Haran to retrieve a card with the Dark One allegiance from your deck and place it in your hand.  Add one token to your section of the Pattern while you control Shaidar Haran.
shattered_dreams	Shattered Dreams	premier					Challenge							Uncommon	01-237 U	Target another player.  If you succeed by two or more, the target may not recruit next turn.		
shayol_ghul	Shayol Ghul	premier					Advantage	World	Contested Advantage					Rare	01-238 R	Only cards controlled by a Villain player may participate in challenges initiated with this advantage.  While you control Shayol Ghul, your Forsaken may use the Ta'veren ability to negate damage once per turn for each two by which you control it.		
similar_ideals	Similar Ideals	premier					Event							Fixed	01-239 F	If you are a Hero player, when you play this card you may recruit light nature characters without any allegiance penalty.  If you are a Villain player, when you play this card you may recruit dark nature characters without any allegiance penalty.		
siuan_sanche	Siuan Sanche	premier	3		2		Character	Aes Sedai	The Amyrlin Seat, Light Nature	4	2	3		Rare	01-240 R	You must have 5 pattern to recruit Siuan.  Rotate Siuan as an event to retrieve a card with the Aes Sedai allegiance from your deck and place it in your hand.		
skimming	Skimming	premier					Event							Uncommon	01-241 U	Target one character you control for each [One Power Icon] you pay.  Each target gains Reinforcement.		
skirmish	Skirmish	premier					Challenge							Common	01-242 C	No cards can reinforce this challenge.  If you succeed, add one token to your section of the Pattern.		
spying	Spying	premier		1			Event							Fixed	01-243 F	Target a player.  Look at his hand and any face down cards he controls.		
stalemate	Stalemate	premier					Challenge							Rare	01-244 R	If you succeed, there is no action round next turn.  If you succeed by five or more, add one token to your section of the Pattern.		
stedding	Stedding	premier					Event		Terrain					Rare	01-245 R	Target a card-based challenge.  Only one terrain event may target each challenge.  No One Power dice may be rolled in that challenge.  No effects requiring the One Power may be used in that challenge.		
strong_support	Strong Support	premier					Event	Limited						Common	01-246 C	When recruiting troops, you may pay their recruit cost with symbols generated from characters with different allegiances, as long as at least one symbol is paid by a character of the same allegiance as the troop.		
stymied	Stymied	premier					Event	Limited						Fixed	01-247 F	Target a character or troop participating in a challenge.  The target rolls one less die than normal for each ability.		
subtle_manipulations	Subtle Manipulations	premier		1	1		Event	Limited						Uncommon	01-248 U	Name a specific card type (such as player advantage or andor troop).  Look at the top five cards of one player's deck.  If you find any cards of that type, show them to all players and place them on the bottom of his deck.		
superior_weaponry	Superior Weaponry	premier				1	Advantage	Troop	Weapon					Common	01-249 C	If the target of this advantage rolls at least one [Damage Icon] while participating in a challenge, it generates an additional [Damage Icon].		
surprise_attack	Surprise Attack	premier					Event	Limited						Common	01-250 C	Target one or more troops you control.  Pay [Combat Icon] per target.  Each target gains Reinforcement, but all targets must reinforce the same challenge.		
surrounded	Surrounded	premier		1		1	Event							Common	01-251 C	Play during the Coming to Grips step of a challenge if you have at least twice as many troops participating in that challenge as your opponent.  For each of your troops that rolls any [Damage Icon], add a token to your character and troop damage pools.		
taking_advantage	Taking Advantage	premier	1	1		1	Advantage	Player						Rare	01-252 R	When you play an advantage that has a printed cost, you may draw a card. (Same printed cost) (Playing this card does not trigger its own effects) 05.27.2000 - ERRATA]		
tar_valon	Tar Valon	premier					Advantage	World	Contested Advantage					Uncommon	01-253 U	Only characters and troops with the Aes Sedai allegiance may participate in challenges initiated by this contested advantage. While you control Tar Valon, all characters you control with the Aes Sedai allegiance may participate in any nation contested advantage, regardless of normal restrictions. [08.21.2001 - ERRATA]		
tar_valon_guards	Tar Valon Guards	premier			1	1	Troop	Aes Sedai	Multiple				4	Uncommon	01-254 U	When rolling, Tar Valon Guards may roll a One Power die instead of one of its combat dice.  This troop gains +2 Combat ability while participating in the Tar Valon contested advantage.		
tar_valon_soldiers	Tar Valon Soldiers	premier			1	2	Troop	Aes Sedai	Multiple, Reinforcement				5	Uncommon	01-255 U	When rolling, Tar Valon Soldiers may roll a One Power die instead of one of its combat dice.  		
tear	Tear	premier					Advantage	World	Nation Contested Advantage					Uncommon	01-256 U	While you control Tear, add a token to this contested advantage each ready round.  If you control Tear by 5 or more, you are always considered the Dominant player.  If you control Callandor, you are considered to have five additional tokens on this card.		
tear_lancers	Tear Lancers	premier	2			1	Troop	Tear	Reinforcement	1			4	Rare	01-257 R			
tear_levies	Tear Levies	premier	1				Troop	Tear	Multiple				2	Common	01-258 C	When you recruit this card, draw a card.		
tear_skirmishers	Tear Skirmishers	premier	1			1	Troop	Tear	Multiple				2	Rare	01-259 R	As an event, Tear Skirmishers may pay [Combat Icon] to cease participating in a challenge.  Any results they generated in that challenge still apply.		
tear_spearmen	Tear Spearmen	premier				2	Troop	Tear	Multiple				4	Common	01-260 C	Tear Spearmen lose 1 Combat ability while participating in a challenge against monster troops.		
testing_fate	Testing Fate	premier					Challenge							Fixed	01-261 F	If you succeed, you may move one or two neutral tokens to your section of the Pattern.  If you do not succeed, you must convert one of your Pattern tokens to a neutral token.		
the_art_of_intrigue	The Art of Intrigue	premier					Advantage	Character						Uncommon	01-262 U	Target a character you control that has the Intrigue ability.  He gains +1 Intrigue.  You may rotate this card as a limited event to add a point of support or opposition to a challenge.  If the target character ever participates in a card-based challenge you initiate but do not succeed in, he takes a point of damage and you must discard this advantage.		
the_dragon_revealed	The Dragon Revealed	premier					Character	Dragon		2	1	4	3	Rare	01-263 R	Replace Rand al'Thor character when you have 5 Pattern.  When you succeed in a card based challenge you initiated, draw 1 card.		
the_dying_ground	The Dying Ground	premier					Event		Terrain					Uncommon	01-264 U	Target a card-based challenge.  Only one terrain event may target each challenge.  If a monster takes damage while participating in that challenge, it takes an additional point of damage when the challenge is resolved.		
the_great_game	The Great Game	premier	2				Advantage	Player						Rare	01-265 R	You may pay [Politics Icon] as a limited event to place a reserve token on this card.  You may remove two reserve tokens as a limited event to add one [Politics Icon] to your pool.  This symbol has the allegiance(s) of your starting character.		
the_ruby_dagger	The Ruby Dagger	premier			2		Advantage	Character	Weapon, Unique					Rare	01-266 R	Target a character you control.  Any character that takes damage from the target and is not completely healed by the end of the turn is killed.  Roll a One Power die each ready round.  If you roll a [One Power Icon], place a corruption token on the target.  It is treated as damage, but cannot be healed.  As an event, pay [One Power Icon x2] to remove a corruption token or pay [One Power Icon x5] to discard this advantage.		
the_stone_of_tear	The Stone of Tear	premier					Advantage	Player						Rare	01-267 R	If you control the Tear contested advantage, other players cannot add tokens to the Tear contested advantage except by using the challenge initiated by the Tear contested advantage.		
the_telling_blow	The Telling Blow	premier				1	Event							Common	01-268 C	Target a character or troop with damage participating in a challenge whose highest current ability is 1.  Put a point of damage on the target.		
the_tide_of_battle	The Tide of Battle	premier					Challenge							Fixed	01-269 F	If you succeed, this challenge becomes a player advantage targeting you.  Place one initiative token on it for each two you succeeded by.  You may rotate the advantage to remove any number of initiative tokens.  For each one removed, you may add a [Support Icon] or [Opposition Icon] to a card-based challenge.  Discard the advantage when there are no tokens remaining on it.		
the_truth_they_tell	The Truth They Tell	premier					Event	Limited						Uncommon	01-270 U	For every [Politics icon] [Politics icon] or [One Power icon] you pay from a character with the Aes Sedai allegiance, you may add one [Opposition icon] to a card-based challenge. [CLARIFICATION: The symbols for The Truth They Tell have to come from initial generation (unless you have some effect which allows you to rotate other characters during your Action Round). You may choose different challenges, and it is possible to put symbols into pools for challenges before the challenge has started to resolve. - 06.27.2000 - ERRATA]		
the_way_of_the_leaf	The Way of the Leaf	premier					Advantage	Character						Common	01-271 C	This card may only be played by a Hero player.  Target a character you control with no combat ability.  The target gains +2 Politics ability, but cannot gain combat ability or roll combat dice.  Any damage generated by the target is negated. [Add the word *permanent* to combat ability. 02.29.2000 - ERRATA]		
the_wheel_turns	The Wheel Turns	premier					Event							Rare	01-272 R	Pay [One Power Icon x2] for each card-based challenge initiated this turn.  Only the Pattern challenge can add tokens to the Pattern this turn.		
the_white_tower	The White Tower	premier					Advantage	Player						Rare	01-273 R	If you control the Tar Valon contested advantage by 5 or more, you may rotate this advantage when you succeed at the Pattern Challenge to add a token to your section of the Pattern.		
thom_merrilin	Thom Merrilin	premier	3	1			Character	Dragon	Gleeman	1	4		2	Rare	01-274 R	Thom may pay [Intrigue Icon] [Intrigue Icon] [Intrigue Icon] as an event to force another player to discard a random card from his hand.		
tight_formation	Tight Formation	premier				2	Advantage	Player						Uncommon	01-275 U	While a troop you control is the only troop you have participating in a given challenge, that troop gains +2 Combat ability.		
to_the_victor	To The Victor	premier	1	1			Advantage	Player						Rare	01-276 R	Whenever you succeed at a card-based challenge you initiated, draw 1 card.		
training_for_war	Training for War	premier					Advantage	Troop						Common	01-277 C	Target troop gains +1 Combat ability.		
treaty	Treaty	premier					Challenge							Common	01-278 C	Choose an allegiance.  If you succeed, this challenge becomes a player advantage for you.  You may rotate this advantage as an event to generate one Politics symbol of the chosen allegiance.		
trolloc	Trolloc	premier					Character	Dark One	Monster, Multiple				1	Fixed	01-279 F	The only cost to recruit this character is to rotate a character you control with the Dark One allegiance.		
trolloc_fist	Trolloc Fist	premier				3	Troop	Dark One	Monster				6	Rare	01-280 R	One per turn, you may discard a trolloc troop you control from play to heal an amount of damage on the Trolloc Fist equal to the discarded troop's permanent Combat rating.		
trolloc_footmen	Trolloc Footmen	premier				2	Troop	Dark One	Monster, Multiple				5	Fixed	01-281 F	When assigning damage from your opponent's troop damage pool, you may not place a point of damage on a non-trolloc troop until this troop has had a point of damage assigned to it.		
trolloc_horn	Trolloc Horn	premier				1	Advantage	Character						Rare	01-282 R	Target a trolloc character you control.  Rotate this advantage as an event and pay [Combat Icon x2] to find the top trolloc (character or troop) in your deck.  Place it in your hand.		
trolloc_raiders	Trolloc Raiders	premier		1			Troop	Dark One	Monster, Multiple				3	Uncommon	01-283 U	When this troop is killed, draw a card.		
trolloc_war_band	Trolloc War Band	premier		1		2	Troop	Dark One	Monster, Multiple				5	Rare	01-284 R	If you have a ready Myrddraal that is standing down in the battleground, this card gains Reinforcement.		
twisting_fate	Twisting Fate	premier					Challenge							Rare	01-285 R	Target another player.  If successful, remove a token from his section of the Pattern.  The total number of tokens on the target's section of the pattern counts as automatic opposition to this challenge.		
twists_in_the_pattern	Twists in the Pattern	premier					Event							Rare	01-286 R	Convert one of your Pattern tokens to a neutral token and target another player.  That player must also convert one of his Pattern tokens to a neutral token.		
two_rivers_archers	Two Rivers Archers	premier	2				Troop	Andor					3	Uncommon	01-287 U	The Two Rivers Archers roll their dice during the Opening Moves step (instead of the Coming to Grips step).  Whenever the Two Rivers Archers take a point of damage, immediately apply an additonal point of damage to them.		
unexpected_ally	Unexpected Ally	premier					Event	Limited						Fixed	01-288 F	Roll two Politics dice.  Add any [Politics Icon] you generate to your pool.  They have all allegiances.		
verin_sedai	Verin Sedai	premier		1	2		Character	Aes Sedai	Brown Ajah, Light Nature	1	2	2		Rare	01-289 R	While you control Verin, your maximum hand size is increased by one.		
wall_of_fire	Wall of Fire	premier					Event							Rare	01-290 R	During the Opening Moves step of a challenge, target one participating troop for each [One Power Icon] you pay.  The targeted troops may rotate to stand down.  If they do not stand down, each troop takes as much damage as it rolls.		
wandering_noble	Wandering Noble	premier	2				Character	Mercenary	Multiple	2				Common	01-291 C			
ward_of_protection	Ward of Protection	premier					Event							Rare	01-292 R	For each [One Power Icon] you pay, the cost for every other player to target you (or a card you control) with an event is increased by one [One Power Icon].		
waygate	Waygate	premier					Event							Uncommon	01-293 U	Select one of: your home front; a challenge; or standing down.  Target any number of characters and troops you control at the selected location.  Roll one Intrigue dice for each card targeted.  For each damage result rolled, kill one target.  The remaining cards reinforce one unresolved challenge.		
weariness	Weariness	premier					Advantage	Character						Uncommon	01-294 U	If the target participated in a challenge last turn, he does not ready during the ready round.  The target's controller may pay two ability symbols of any type(s) as an event to discard this advantage.		
what_might_be	What Might Be	premier					Event							Rare	01-295 R	Convert one of your Pattern tokens to a neutral token.  Target an event card in your discard pile that is not the top event in that pile put the target card in your hand.		
whispers_in_the_dark	Whispers in the Dark	premier					Event							Common	01-296 C	This card may only be played by a Villain player.  Roll an Intrigue die for each token on your section of the Pattern.  Apply any [Support Icon] or [Opposition Icon] rolled (as appropriate) to a card based challenge of your choice.		
wolves	Wolves	premier				1	Troop	Mercenary	Multiple, Reinforcement, Wolf				2	Uncommon	01-297 U	You must control a Wolfbrother to bring Wolves into play.  You must discard Wolves if you do not control a Wolfbrother.  Wolves gain +1 Combat while participating in a challenge against monster troops.  This troop cannot be the target of advantages.		